Platform,Program,Status,Maximum_USD_Advertised,KYC,Official_Program_URL,Program_Type,Languages,Ecosystems,Reward_Currency,Platform_Historical_Paid,Launch_Date,End_Date,Notes
Immunefi,OpenZeppelin,live,25000,required,https://immunefi.com/bug-bounty/openzeppelin/information/,Smart Contract,Solidity,,check_program_rules,,2021-11-15T15:00:00.000Z,,
Immunefi,OpenZeppelin on Stellar,live,25000,required,https://immunefi.com/bug-bounty/openzeppelin-stellar/information/,Smart Contract,,,check_program_rules,,2025-05-08T02:51:06.000Z,,
Immunefi,Gnosis Chain,live,2000000,not_required,https://immunefi.com/bug-bounty/gnosischain/information/,Smart Contract,Solidity,BSC / ETH,check_program_rules,,2022-02-11T04:00:00.000Z,,
Immunefi,Enzyme Onyx,live,200000,not_required,https://immunefi.com/bug-bounty/enzyme-onyx/information/,Smart Contract,Solidity,ETH,check_program_rules,,2025-09-04T10:00:00.000Z,,
Immunefi,Compound Finance,live,1000000,required,https://immunefi.com/bug-bounty/compoundfinance/information/,Smart Contract,Solidity,ETH,check_program_rules,,2024-12-11T16:28:00.000Z,,
Immunefi,1inch - Smart Contracts,live,500000,required,https://immunefi.com/bug-bounty/1inch-SmartContracts/information/,Smart Contract,,,check_program_rules,,2026-06-11T05:00:00.000Z,,
Immunefi,1inch - Business,live,100000,required,https://immunefi.com/bug-bounty/1inch-business/information/,Websites and Applications,,,check_program_rules,,2026-06-11T14:30:11.000Z,,
Immunefi,1inch - Aqua,live,100000,required,https://immunefi.com/bug-bounty/1inch-aqua/information/,Smart Contract,,,check_program_rules,,2026-06-11T12:46:32.000Z,,
Immunefi,1inch - Wallet,live,100000,required,https://immunefi.com/bug-bounty/1inch-wallet/information/,Websites and Applications,,,check_program_rules,,2026-06-11T13:44:50.000Z,,
Immunefi,1inch - Infrastructure,live,20000,required,https://immunefi.com/bug-bounty/1inch-infrastructure/information/,Websites and Applications,,,check_program_rules,,2026-06-11T14:09:17.000Z,,
Immunefi,1inch - Web,live,50000,required,https://immunefi.com/bug-bounty/1inch-web/information/,Websites and Applications,,,check_program_rules,,2026-06-11T07:56:01.000Z,,
Immunefi,1inch - Aqua Improvement,live,25000,required,https://immunefi.com/bug-bounty/1inch-aqua-improvement/information/,Smart Contract,,,check_program_rules,,2026-06-11T13:20:02.000Z,,
Immunefi,Derive,live,50000,not_required,https://immunefi.com/bug-bounty/derive/information/,Smart Contract,Solidity,Optimism,check_program_rules,,2021-08-23T14:00:00.000Z,,
Immunefi,ENS,live,250000,not_required,https://immunefi.com/bug-bounty/ens/information/,Websites and Applications / Smart Contract,Solidity / NextJS,ETH,check_program_rules,,2024-05-10T03:11:00.000Z,,
Immunefi,Folks Finance,live,100000,required,https://immunefi.com/bug-bounty/folksfinance/information/,Smart Contract,Python,Algorand,check_program_rules,,2022-03-31T17:00:00.000Z,,
Immunefi,Audit Competition | ENS,closed,70000,required,https://immunefi.com/bug-bounty/audit-competition-ens/information/,Websites and Applications,,,check_program_rules,,2026-08-18T08:00:00.000Z,2026-09-14T11:00:00.000Z,
Immunefi,TruYields,live,20000,required,https://immunefi.com/bug-bounty/trufin/information/,Smart Contract,Solidity / Rust,ETH / Polygon / Solana,check_program_rules,,2023-09-27T14:00:00.000Z,,
Immunefi,deBridge,live,200000,not_required,https://immunefi.com/bug-bounty/debridge/information/,Smart Contract,Solidity,Arbitrum / Avalanche / BSC / ETH / Fantom / Heco / Polygon,check_program_rules,,2022-01-21T13:00:00.000Z,,
Immunefi,sBTC,live,250000,required,https://immunefi.com/bug-bounty/sbtc/information/,Smart Contract / Blockchain/DLT,Rust / Clarity / Bitcoin Script,Stacks / Bitcoin,check_program_rules,,2026-07-02T13:59:00.000Z,,
Immunefi,Ava Labs Avalanche,live,100000,required,https://immunefi.com/bug-bounty/avalanche/information/,Smart Contract / Blockchain/DLT,,,check_program_rules,,2023-12-03T22:00:00.000Z,,
Immunefi,Ava Labs,live,10000,required,https://immunefi.com/bug-bounty/avalabs/information/,Websites and Applications,Go / JavaScript / Solidity,Avalanche,check_program_rules,,2023-12-04T09:00:00.000Z,,
Immunefi,Cosmos,live,50000,required,https://immunefi.com/bug-bounty/cosmos/information/,Blockchain/DLT,Go / Rust / Solidity / C/C++ / cosm-wasm,Cosmos,check_program_rules,,2026-06-22T21:39:00.000Z,,
Immunefi,Twyne,live,50000,not_required,https://immunefi.com/bug-bounty/twyne/information/,Smart Contract,Solidity,ETH,check_program_rules,,2026-01-16T14:30:00.000Z,,
Immunefi,Silo Finance (v2 & v3),live,100000,required,https://immunefi.com/bug-bounty/silofinance-v2/information/,Smart Contract,Solidity,ETH,check_program_rules,,2022-08-30T17:30:00.000Z,,
Immunefi,Burrow,live,250000,required,https://immunefi.com/bug-bounty/burrow/information/,Smart Contract,,,check_program_rules,,2023-02-08T18:00:00.000Z,,
Immunefi,Ref Finance,live,250000,not_required,https://immunefi.com/bug-bounty/reffinance/information/,Smart Contract,Rust,Near,check_program_rules,,2022-05-17T18:30:00.000Z,,
Immunefi,Glo Dollar,live,50000,required,https://immunefi.com/bug-bounty/glodollar/information/,Smart Contract,,ETH / Polygon,check_program_rules,,2022-02-14T15:00:00.000Z,,
Immunefi,NUVA,live,40000,required,https://immunefi.com/bug-bounty/nuva/information/,Smart Contract / Websites and Applications,,,check_program_rules,,2026-05-18T06:00:00.000Z,,
Immunefi,Exactly,live,25000,required,https://immunefi.com/bug-bounty/exactly/information/,Smart Contract,Solidity,Optimism,check_program_rules,,2022-12-08T21:00:00.000Z,,
Immunefi,LayerZero,live,15000000,required,https://immunefi.com/bug-bounty/layerzero/information/,Smart Contract,Solidity,Arbitrum / Astar zkEVM / Aurora / Avalanche / BSC / Base / Blast / Canto / Celo / Conflux / DOS / ETH / Fantom / Fraxtal / Fuse / Gnosis / Harmony / Horizen EON / Injective / Kava / Linea / Manta / Mantle / Merit Circle / Metis / Mode / Moonbeam / Moonriver / Optimism / Orderly / Polygon / Polygon zkEVM / Scroll / ShimmerEVM / Telos / Tenet / Viction / XPLA / Xai / Zora / opBNB / Aptos / Cronos / Rootstock / Sei / TON,check_program_rules,,2023-05-17T17:00:00.000Z,,
Immunefi,XOXNO,live,20000,required,https://immunefi.com/bug-bounty/xoxno/information/,Smart Contract,Rust,,check_program_rules,,2025-09-16T08:00:31.000Z,,
Immunefi,Stargate,live,10000000,required,https://immunefi.com/bug-bounty/stargate/information/,Smart Contract,Solidity,,check_program_rules,,2024-09-24T18:00:00.000Z,,
Immunefi,Stacks,live,250000,required,https://immunefi.com/bug-bounty/stacks/information/,Blockchain/DLT / Smart Contract,Rust / Bitcoin Script / Clarity,Stacks / Bitcoin,check_program_rules,,2022-03-31T19:30:00.000Z,,
Immunefi,Symbiosis,live,100000,not_required,https://immunefi.com/bug-bounty/symbiosis/information/,Smart Contract,Solidity,Avalanche / BSC / ETH / Polygon / Arbitrum / Base / Bitcoin / Boba Network / Cronos / Manta / Mantle / Metis / Rootstock / Sei / Sonic / Telos / TON / Tron,check_program_rules,,2022-08-18T09:30:00.000Z,,
Immunefi,Audit Comp | Firelight,closed,20000,not_required,https://immunefi.com/bug-bounty/audit-comp-firelight-1/information/,Smart Contract,,,check_program_rules,,2026-08-12T08:30:00.000Z,2026-08-25T10:00:00.000Z,
Immunefi,SSV Network,live,250000,required,https://immunefi.com/bug-bounty/ssvnetwork/information/,Smart Contract,Solidity,ETH,check_program_rules,,2023-09-11T16:00:00.000Z,,
Immunefi,Chainlink,live,3000000,required,https://immunefi.com/bug-bounty/chainlink/information/,Websites and Applications / Smart Contract,Go / Rust / Solidity / Typescript,Arbitrum / Base / Celo / ETH / Fantom / Gnosis / Linea / Metis / Moonriver / Optimism / Polygon / Scroll / Solana / Aptos,check_program_rules,,2021-05-11T05:00:00.000Z,,
Immunefi,USDT0,live,6000000,required,https://immunefi.com/bug-bounty/usdt0/information/,Smart Contract,Typescript / Solidity,,check_program_rules,,2025-01-30T14:58:00.000Z,,
Immunefi,Hedera,live,30000,required,https://immunefi.com/bug-bounty/hedera/information/,Websites and Applications / Blockchain/DLT,,,check_program_rules,,2025-02-05T04:21:00.000Z,,
Immunefi,GMX,live,5000000,not_required,https://immunefi.com/bug-bounty/gmx/information/,Smart Contract / Websites and Applications,JavaScript / Solidity / Typescript,Arbitrum / Avalanche,check_program_rules,,2021-10-20T12:00:00.000Z,,
Immunefi,Vesper,live,50000,not_required,https://immunefi.com/bug-bounty/vesper/information/,Smart Contract / Websites and Applications,JavaScript / Solidity,ETH,check_program_rules,,2021-05-06T05:00:00.000Z,,
Immunefi,Metronome,live,50000,required,https://immunefi.com/bug-bounty/metronome/information/,Smart Contract / Websites and Applications,Solidity,ETH / Optimism,check_program_rules,,2023-02-21T21:00:00.000Z,,
Immunefi,Wormhole,live,1000000,required,https://immunefi.com/bug-bounty/wormhole/information/,Smart Contract / Blockchain/DLT,Go / Move / Python / Rust / Solidity,,check_program_rules,,2022-02-11T15:00:00.000Z,,
Immunefi,Ondo Finance,live,1000000,required,https://immunefi.com/bug-bounty/ondofinance/information/,Smart Contract,Solidity / Rust,ETH / Solana,check_program_rules,,2023-03-07T21:00:00.000Z,,
Immunefi,StakeWise Mainnet,live,200000,not_required,https://immunefi.com/bug-bounty/stakewise/information/,Smart Contract / Websites and Applications,JavaScript,ETH / xDAI / Gnosis Chain,check_program_rules,,2022-05-31T17:30:00.000Z,,
Immunefi,MUX,live,100000,not_required,https://immunefi.com/bug-bounty/mux/information/,Smart Contract / Websites and Applications,Solidity,Arbitrum / Avalanche / BSC / ETH / Fantom / Optimism,check_program_rules,,2021-06-09T07:00:00.000Z,,
Immunefi,OFZA,live,10000,required,https://immunefi.com/bug-bounty/ofza-1/information/,Websites and Applications,,,check_program_rules,,2025-06-18T05:11:00.000Z,,
Immunefi,Zerion,live,25000,required,https://immunefi.com/bug-bounty/zerion/information/,Smart Contract / Websites and Applications,JavaScript / Solidity,Arbitrum / Avalanche / BSC / ETH / Fantom / Optimism / Polygon / xDAI / Gnosis Chain,check_program_rules,,2022-03-29T19:00:00.000Z,,
Immunefi,RootstockLabs,live,200000,required,https://immunefi.com/bug-bounty/rootstocklabs/information/,Smart Contract / Websites and Applications / Blockchain/DLT,,Rootstock,check_program_rules,,2026-02-10T01:55:00.000Z,,
Immunefi,DAWN USD.infra Vault,live,50000,not_required,https://immunefi.com/bug-bounty/dawn/information/,Websites and Applications / Smart Contract,Rust / Typescript / NextJS,Solana,check_program_rules,,2026-07-12T11:54:11.000Z,,
Immunefi,Horizen,live,10000,required,https://immunefi.com/bug-bounty/horizen/information/,Websites and Applications / Smart Contract,Solidity / Typescript / ReactJS,Base,check_program_rules,,2026-07-15T11:00:00.000Z,,
Immunefi,IPOR,live,1000,not_required,https://immunefi.com/bug-bounty/ipor/information/,Smart Contract,Solidity,Arbitrum / ETH,check_program_rules,,2023-04-11T18:00:00.000Z,,
Immunefi,Hathor Network,live,20000,required,https://immunefi.com/bug-bounty/hathornetwork/information/,Websites and Applications / Blockchain/DLT,JavaScript / Python,,check_program_rules,,2023-03-15T19:00:00.000Z,,
Immunefi,Arbitrum,live,2000000,required,https://immunefi.com/bug-bounty/arbitrum/information/,Smart Contract,Solidity,Arbitrum / ETH,check_program_rules,,2021-08-31T13:00:00.000Z,,
Immunefi,CoW Protocol,live,1000000,required,https://immunefi.com/bug-bounty/cowprotocol/information/,Smart Contract,Solidity,ETH / Gnosis,check_program_rules,,2021-06-15T17:00:00.000Z,,
Immunefi,Pareto Credit,live,50000,not_required,https://immunefi.com/bug-bounty/pareto/information/,Smart Contract,Solidity,ETH,check_program_rules,,2021-03-25T07:00:00.000Z,,
Immunefi,dHEDGE,live,50000,not_required,https://immunefi.com/bug-bounty/dhedge/information/,Smart Contract,Solidity,Arbitrum / Base / ETH / Optimism / Polygon,check_program_rules,,2021-11-09T12:00:00.000Z,,
Immunefi,Audit Comp | Quantus,closed,20000,not_required,https://immunefi.com/bug-bounty/audit-comp-quantus/information/,Blockchain/DLT / Websites and Applications,Rust,,check_program_rules,,2026-08-12T08:30:00.000Z,2026-08-25T10:00:00.000Z,
Immunefi,ZKsync OS,live,100000,required,https://immunefi.com/bug-bounty/zksync-os/information/,Blockchain/DLT / Smart Contract,,zkSync,check_program_rules,,2025-11-24T08:16:26.000Z,,
Immunefi,Enzyme Blue,live,200000,not_required,https://immunefi.com/bug-bounty/enzymefinance/information/,Smart Contract,Solidity,ETH / Polygon,check_program_rules,,2021-03-29T07:00:00.000Z,,
Immunefi,Aera,live,500000,required,https://immunefi.com/bug-bounty/aera/information/,Smart Contract,Solidity,ETH / Arbitrum / Base / Polygon / Optimism,check_program_rules,,2023-11-20T12:00:00.000Z,,
Immunefi,0x,live,1000000,required,https://immunefi.com/bug-bounty/0x/information/,Smart Contract / Websites and Applications,Solidity,Polygon / Avalanche / Arbitrum / Base / BSC / ETH / Linea / Mantle / Mode / Optimism / Scroll / Solana,check_program_rules,,2024-07-30T16:00:00.000Z,,
Immunefi,Sky,live,10000000,not_required,https://immunefi.com/bug-bounty/sky/information/,Smart Contract / Websites and Applications,Solidity,ETH,check_program_rules,,2022-02-10T07:00:00.000Z,,
Immunefi,Balancer Foundation,live,1000000,not_required,https://immunefi.com/bug-bounty/balancer/information/,Smart Contract,JavaScript / Solidity,ETH,check_program_rules,,2022-05-12T16:00:00.000Z,,
Immunefi,Spark,live,5000000,not_required,https://immunefi.com/bug-bounty/sparklend/information/,Smart Contract / Websites and Applications,,ETH,check_program_rules,,2023-11-01T15:00:00.000Z,,
Immunefi,CapyFi,live,1000000,required,https://immunefi.com/bug-bounty/capyfi/information/,Smart Contract / Websites and Applications,,,check_program_rules,,2025-11-19T10:10:47.000Z,,
Immunefi,Xterio,live,80000,required,https://immunefi.com/bug-bounty/xterio/information/,Websites and Applications / Smart Contract,Solidity,ETH,check_program_rules,,2024-07-08T10:30:00.000Z,,
Immunefi,Filecoin,live,50000,required,https://immunefi.com/bug-bounty/filecoin/information/,Blockchain/DLT,Go / Rust,Filecoin,check_program_rules,,2023-04-14T20:00:00.000Z,,
Immunefi,Extra Finance,live,100000,not_required,https://immunefi.com/bug-bounty/extrafinance/information/,Smart Contract,Solidity,Optimism,check_program_rules,,2023-09-08T13:00:00.000Z,,
Immunefi,GMTrade,live,100000,not_required,https://immunefi.com/bug-bounty/gmtrade/information/,Smart Contract,Rust,Solana,check_program_rules,,2026-07-06T00:00:00.000Z,,
Immunefi,Pyth Network,live,250000,required,https://immunefi.com/bug-bounty/pythnetwork/information/,Smart Contract / Websites and Applications,,Solana,check_program_rules,,2024-06-24T16:00:00.000Z,,
Immunefi,Linea,live,100000,required,https://immunefi.com/bug-bounty/linea/information/,Smart Contract,Solidity,ETH / Linea,check_program_rules,,2023-07-11T14:00:00.000Z,,
Immunefi,Instadapp,live,500000,not_required,https://immunefi.com/bug-bounty/instadapp/information/,Smart Contract / Websites and Applications,Solidity,Avalanche / BSC / ETH / Optimism / Polygon,check_program_rules,,2021-09-20T01:30:00.000Z,,
Immunefi,Lombard Finance,live,250000,required,https://immunefi.com/bug-bounty/lombard-finance/information/,Smart Contract / Websites and Applications,,Bitcoin,check_program_rules,,2024-09-04T00:00:00.000Z,,
Immunefi,Unstoppable Wallet,live,1000,not_required,https://immunefi.com/bug-bounty/unstoppablewallet/information/,Websites and Applications,Kotlin,ETH,check_program_rules,,2022-03-04T04:00:00.000Z,,
Immunefi,Livepeer,live,40000,required,https://immunefi.com/bug-bounty/livepeer/information/,Smart Contract,Solidity / Go,Arbitrum / ETH,check_program_rules,,2022-02-25T04:00:00.000Z,,
Immunefi,Optimism,live,2000042,required,https://immunefi.com/bug-bounty/optimism/information/,Smart Contract / Websites and Applications / Blockchain/DLT,C/C++ / Go / Solidity,ETH / Optimism,check_program_rules,,2022-01-14T07:00:00.000Z,,
Immunefi,Celer,live,200000,required,https://immunefi.com/bug-bounty/celer/information/,Smart Contract / Websites and Applications,JavaScript / Solidity,Arbitrum / Avalanche / BSC / Base / ETH / Fantom / Moonbeam / Optimism / Polygon,check_program_rules,,2021-11-18T13:00:00.000Z,,
Immunefi,Decentraland,live,250000,required,https://immunefi.com/bug-bounty/decentraland/information/,Smart Contract / Websites and Applications,Solidity,ETH / Polygon,check_program_rules,,2022-07-05T16:30:00.000Z,,
Immunefi,Immunefi,live,50000,required,https://immunefi.com/bug-bounty/immunefi/information/,Websites and Applications / Smart Contract,Solidity,ETH / Optimism,check_program_rules,,2020-12-02T05:00:00.000Z,,
Immunefi,Alchemix,live,150000,not_required,https://immunefi.com/bug-bounty/alchemix-1/information/,Smart Contract,Solidity,Arbitrum / ETH / Optimism / Base,check_program_rules,,2026-02-26T19:26:00.000Z,,
Immunefi,Strata,live,250000,required,https://immunefi.com/bug-bounty/strata/information/,Smart Contract,Solidity,ETH,check_program_rules,,2025-10-01T10:01:00.000Z,,
Immunefi,Origin Protocol,live,1000000,not_required,https://immunefi.com/bug-bounty/originprotocol/information/,Smart Contract / Websites and Applications,JavaScript / Solidity / Typescript,ETH / Base / Arbitrum,check_program_rules,,2021-11-22T07:15:00.000Z,,
Immunefi,Zest Protocol V2,live,100000,not_required,https://immunefi.com/bug-bounty/zest-protocol-v2/information/,Smart Contract,Clarity,Stacks,check_program_rules,,2026-01-15T22:10:00.000Z,,
Immunefi,Babylon Labs,live,500000,required,https://immunefi.com/bug-bounty/babylon-labs/information/,Websites and Applications / Blockchain/DLT,Go / Typescript / JavaScript / Rust,Bitcoin,check_program_rules,,2024-09-16T15:00:00.000Z,,
Immunefi,StackingDAO,live,100000,not_required,https://immunefi.com/bug-bounty/stackingdao/information/,Smart Contract,Clarity,Stacks,check_program_rules,,2024-02-04T20:00:00.000Z,,
Immunefi,Charm,live,6000,not_required,https://immunefi.com/bug-bounty/charm/information/,Smart Contract,Solidity,ETH,check_program_rules,,2021-02-05T07:00:00.000Z,,
Immunefi,ZKsync Era,live,300000,required,https://immunefi.com/bug-bounty/zksyncera/information/,Blockchain/DLT / Smart Contract,Solidity / Yul,ETH / zkSync,check_program_rules,,2023-03-10T17:00:00.000Z,,
Immunefi,Rocket Pool,live,150000,required,https://immunefi.com/bug-bounty/rocketpool/information/,Smart Contract,Solidity,ETH,check_program_rules,,2021-09-08T14:00:00.000Z,,
Immunefi,Beanstalk,live,1100000,not_required,https://immunefi.com/bug-bounty/beanstalk/information/,Smart Contract / Websites and Applications,Solidity / Typescript,ETH,check_program_rules,,2022-10-11T19:00:00.000Z,,
Immunefi,Ether.fi,live,500000,required,https://immunefi.com/bug-bounty/etherfi/information/,Smart Contract / Websites and Applications,Solidity / NextJS,ETH,check_program_rules,,2024-03-27T01:30:00.000Z,,
Immunefi,Sei,live,500000,required,https://immunefi.com/bug-bounty/sei/information/,Blockchain/DLT,Go / Rust,Sei,check_program_rules,,2023-11-30T09:00:00.000Z,,
Immunefi,Leather,live,5000,required,https://immunefi.com/bug-bounty/leather/information/,Websites and Applications,Typescript,Stacks / Bitcoin,check_program_rules,,2026-07-30T07:43:00.000Z,,
Immunefi,Threshold Network,live,150000,not_required,https://immunefi.com/bug-bounty/thresholdnetwork/information/,Smart Contract / Websites and Applications,JavaScript / Solidity,Arbitrum / ETH / Optimism / Polygon / Solana / Base / Starknet / SUI,check_program_rules,,2023-04-28T09:00:00.000Z,,
Immunefi,OnRe,live,100000,required,https://immunefi.com/bug-bounty/onre/information/,Smart Contract,Rust,Solana,check_program_rules,,2026-05-11T09:00:00.000Z,,
Immunefi,The Graph,live,50000,required,https://immunefi.com/bug-bounty/thegraph/information/,Smart Contract,Go / Rust / Solidity / Typescript,Arbitrum / ETH,check_program_rules,,2021-08-04T17:00:00.000Z,,
Immunefi,Intuition,live,100000,required,https://immunefi.com/bug-bounty/intuition/information/,Smart Contract,Solidity,Base,check_program_rules,,2026-07-08T09:19:00.000Z,,
Immunefi,MagpieXYZ,live,200000,not_required,https://immunefi.com/bug-bounty/magpiexyz/information/,Smart Contract,Solidity,BSC / Arbitrum / ETH,check_program_rules,,2023-02-09T20:00:00.000Z,,
Immunefi,PancakeSwap,live,1000000,not_required,https://immunefi.com/bug-bounty/pancakeswap/information/,Smart Contract / Websites and Applications,Solidity,BSC,check_program_rules,,2021-03-28T07:00:00.000Z,,
Immunefi,Autonolas,live,5000,required,https://immunefi.com/bug-bounty/autonolas/information/,Smart Contract,Solidity,ETH / Base / Celo / Gnosis / Optimism / Polygon / Arbitrum / Mode,check_program_rules,,2022-08-10T17:30:00.000Z,,
Immunefi,Money on Chain / RIF on Chain,live,10000,required,https://immunefi.com/bug-bounty/moneyonchain/information/,Smart Contract / Websites and Applications,Solidity / Python / Typescript,RSK,check_program_rules,,2021-01-14T07:00:00.000Z,,
Immunefi,Gala Games,live,50000,required,https://immunefi.com/bug-bounty/galagames/information/,Smart Contract / Websites and Applications,JavaScript / Solidity,ETH,check_program_rules,,2023-05-23T13:00:00.000Z,,
Immunefi,Veda,live,1000000,required,https://immunefi.com/bug-bounty/veda/information/,Smart Contract,,,check_program_rules,,2026-01-21T15:00:08.000Z,,
Immunefi,Orca,live,500000,not_required,https://immunefi.com/bug-bounty/orca/information/,Smart Contract,Rust,Solana,check_program_rules,,2022-05-19T17:30:00.000Z,,
Immunefi,Polygon,live,250000,required,https://immunefi.com/bug-bounty/polygon/information/,Blockchain/DLT / Smart Contract,Solidity,ETH / Polygon,check_program_rules,,2021-09-13T13:00:00.000Z,,
Immunefi,JustLend DAO,live,50000,not_required,https://immunefi.com/bug-bounty/justlenddao/information/,Smart Contract,Solidity,Tron,check_program_rules,,2022-08-31T03:00:00.000Z,,
Immunefi,Acala,live,1000,not_required,https://immunefi.com/bug-bounty/acala/information/,Blockchain/DLT,Rust,Polkadot,check_program_rules,,2021-12-14T02:00:00.000Z,,
Immunefi,BlockPI Network,live,5000,not_required,https://immunefi.com/bug-bounty/blockpinetwork/information/,Websites and Applications,,Arbitrum / Avalanche / BSC / Base / Cronos / ETH / Fantom / Gnosis / Klaytn / Linea / Meter / Oasis / Optimism / Polygon / Scroll / Starknet / Viction / zkSync,check_program_rules,,2022-11-11T03:00:00.000Z,,
Immunefi,Axelar Network,live,500000,required,https://immunefi.com/bug-bounty/axelarnetwork/information/,Blockchain/DLT / Smart Contract,Go / Rust / Solidity,Arbitrum / Avalanche / BSC / Base / Blast / Celo / Centrifuge / ETH / Fantom / Filecoin / Fraxtal / Kava / Linea / Mantle / Moonbeam / Optimism / Polygon / Scroll,check_program_rules,,2022-03-11T03:30:00.000Z,,
Immunefi,Mt Pelerin,live,5000,not_required,https://immunefi.com/bug-bounty/mtpelerin/information/,Websites and Applications / Smart Contract,Solidity,Arbitrum / Avalanche / BSC / Base / Bitcoin / ETH / Gnosis / Optimism / Polygon / Rootstock / Tezos / Celo / zkSync / Lightning / Sonic / xDAI / Gnosis Chain,check_program_rules,,2021-02-08T07:00:00.000Z,,
Immunefi,Royco,live,250000,required,https://immunefi.com/bug-bounty/royco/information/,Smart Contract / Websites and Applications,Solidity / JavaScript / Typescript,ETH / Arbitrum / Base / Avalanche,check_program_rules,,2026-02-17T10:24:00.000Z,,
Immunefi,Ethena,live,3000000,required,https://immunefi.com/bug-bounty/ethena/information/,Websites and Applications / Smart Contract,,,check_program_rules,,2024-04-04T16:46:29.000Z,,
Immunefi,BENQI,live,500000,not_required,https://immunefi.com/bug-bounty/benqi/information/,Smart Contract / Websites and Applications,ReactJS / Solidity,Avalanche,check_program_rules,,2021-08-19T12:00:00.000Z,,
Immunefi,Hyperlane,live,2500000,required,https://immunefi.com/bug-bounty/hyperlane/information/,Smart Contract / Websites and Applications,NextJS / Solidity,Arbitrum / BSC / Celo / ETH / Gnosis / Moonbeam / Optimism / Polygon,check_program_rules,,2023-01-10T21:00:00.000Z,,
Immunefi,Granite Protocol,live,100000,required,https://immunefi.com/bug-bounty/granite-protocol/information/,Smart Contract / Websites and Applications,Clarity,Stacks,check_program_rules,,2025-02-26T15:58:00.000Z,,
Immunefi,Yearn Finance,live,200000,not_required,https://immunefi.com/bug-bounty/yearnfinance/information/,Smart Contract,Solidity,Arbitrum / ETH / Fantom / Optimism,check_program_rules,,2021-07-01T07:00:00.000Z,,
Immunefi,Berachain,live,100000,required,https://immunefi.com/bug-bounty/berachain/information/,Smart Contract / Blockchain/DLT,Go / Solidity / Rust,ETH / Cosmos,check_program_rules,,2025-02-06T11:58:00.000Z,,
Immunefi,Katana,live,80000,required,https://immunefi.com/bug-bounty/katana/information/,Smart Contract,,,check_program_rules,,2026-02-11T14:57:23.000Z,,
Immunefi,Aevo,live,300000,not_required,https://immunefi.com/bug-bounty/Aevo/information/,Smart Contract,Solidity,Avalanche / BSC / ETH / Solana,check_program_rules,,2021-04-12T07:00:00.000Z,,
Immunefi,Olympus,live,3333333,not_required,https://immunefi.com/bug-bounty/olympus/information/,Smart Contract / Websites and Applications,Solidity,Arbitrum / Avalanche / Boba Network / ETH / Fantom / Optimism / Polygon,check_program_rules,,2022-01-06T17:45:00.000Z,,
Immunefi,Audit Comp | Base Azul,closed,250000,required,https://immunefi.com/bug-bounty/audit-comp-base-azul/information/,Blockchain/DLT / Smart Contract,Rust / Solidity,Base,check_program_rules,,2026-04-21T20:00:00.000Z,2026-05-04T20:00:00.000Z,
Immunefi,Obyte,live,50000,not_required,https://immunefi.com/bug-bounty/obyte/information/,Smart Contract / Blockchain/DLT / Websites and Applications,JavaScript,Obyte,check_program_rules,,2020-12-01T07:00:00.000Z,,
Immunefi,Rhino.fi,live,2000000,not_required,https://immunefi.com/bug-bounty/rhinofi/information/,Smart Contract,Solidity,Arbitrum / BSC / ETH / Optimism / Polygon / Polygon zkEVM / zkSync / Starknet / Tron / Base,check_program_rules,,2023-06-30T13:00:00.000Z,,
Immunefi,Hydration,live,222222,not_required,https://immunefi.com/bug-bounty/hydration/information/,Blockchain/DLT / Websites and Applications,Rust,Polkadot,check_program_rules,,2023-02-20T20:00:00.000Z,,
Immunefi,Hermetica,live,100000,not_required,https://immunefi.com/bug-bounty/hermetica/information/,Smart Contract,,,check_program_rules,,2026-02-12T09:27:00.000Z,,
Immunefi,Berachain (Web/Apps),live,10000,required,https://immunefi.com/bug-bounty/berachain-webapps/information/,Websites and Applications,,,check_program_rules,,2025-03-18T09:00:00.000Z,,
Immunefi,Audit Comp | Firedancer V1,closed,1000000,required,https://immunefi.com/bug-bounty/firedancer-v1-audit-comp/information/,Blockchain/DLT,C/C++,Solana,check_program_rules,,2026-04-09T17:00:00.000Z,2026-05-09T17:00:00.000Z,
Immunefi,Raydium,live,505000,not_required,https://immunefi.com/bug-bounty/raydium/information/,Smart Contract,Rust,Solana,check_program_rules,,2023-04-25T12:00:00.000Z,,
Immunefi,Velodrome Finance,live,100000,required,https://immunefi.com/bug-bounty/velodromefinance/information/,Smart Contract,Solidity,Optimism,check_program_rules,,2023-06-29T09:00:00.000Z,,
Immunefi,Parallel,live,250000,required,https://immunefi.com/bug-bounty/parallel/information/,Smart Contract / Websites and Applications,JavaScript / NextJS / ReactJS / Solidity / Typescript / Go,ETH / Polygon / Arbitrum / Avalanche / Base / Gnosis / LayerZero / Optimism / Scroll / Sei / BSC / xDAI / Gnosis Chain,check_program_rules,,2025-10-02T12:10:00.000Z,,
Immunefi,Lido,live,2000000,not_required,https://immunefi.com/bug-bounty/lido/information/,Smart Contract / Websites and Applications,Solidity / Vyper,ETH,check_program_rules,,2021-05-22T05:00:00.000Z,,
Immunefi,Gearbox,live,150000,required,https://immunefi.com/bug-bounty/gearbox/information/,Smart Contract,Solidity,ETH,check_program_rules,,2022-02-08T13:00:00.000Z,,
Immunefi,Marinade,live,250000,not_required,https://immunefi.com/bug-bounty/marinade/information/,Smart Contract,Rust,Solana,check_program_rules,,2021-12-01T18:30:00.000Z,,
Immunefi,KAST,live,50000,required,https://immunefi.com/bug-bounty/KAST/information/,Smart Contract,,,check_program_rules,,2026-04-20T04:48:00.000Z,,
Immunefi,Synthetix,live,100000,not_required,https://immunefi.com/bug-bounty/synthetix/information/,Websites and Applications / Smart Contract,Solidity / JavaScript,ETH,check_program_rules,,2021-03-05T07:00:00.000Z,,
Immunefi,Hashflow,live,50000,not_required,https://immunefi.com/bug-bounty/hashflow/information/,Smart Contract,,Arbitrum / Avalanche / BSC / ETH / Optimism / Polygon / Solana,check_program_rules,,2022-03-29T20:00:00.000Z,,
Immunefi,Tetu,invite_only,2000,not_required,https://immunefi.com/bug-bounty/tetu/information/,Smart Contract,Solidity,Polygon,check_program_rules,,2021-11-30T18:00:00.000Z,,"Invite-only, verify eligibility"
Immunefi,Lista DAO,live,1000000,not_required,https://immunefi.com/bug-bounty/listadao/information/,Smart Contract,JavaScript / Solidity,BSC,check_program_rules,,2022-06-16T16:30:00.000Z,,
Immunefi,Ostium,live,200000,required,https://immunefi.com/bug-bounty/ostium/information/,Websites and Applications / Smart Contract,NextJS / Solidity / Typescript,Arbitrum,check_program_rules,,2025-04-30T00:00:00.000Z,,
Immunefi,Ankr,live,500000,not_required,https://immunefi.com/bug-bounty/ankr/information/,Smart Contract / Websites and Applications,JavaScript / Vyper,BSC / ETH / Polygon,check_program_rules,,2022-07-21T18:00:00.000Z,,
Immunefi,GammaSwap,live,40000,not_required,https://immunefi.com/bug-bounty/gammaswap/information/,Smart Contract,Solidity,Arbitrum,check_program_rules,,2023-09-29T20:00:00.000Z,,
Immunefi,Serai,live,30000,required,https://immunefi.com/bug-bounty/serai/information/,Blockchain/DLT,Rust,,check_program_rules,,2023-08-04T11:00:00.000Z,,
Immunefi,Maple,live,500000,required,https://immunefi.com/bug-bounty/maple/information/,Smart Contract,JavaScript / Solidity,ETH,check_program_rules,,2022-01-25T21:00:00.000Z,,
Immunefi,Audit Comp | Folks Finance: Staking Contracts,closed,25000,not_required,https://immunefi.com/bug-bounty/audit-comp-folks-finance-staking-contracts/information/,Smart Contract,Solidity,Algorand,check_program_rules,,2026-03-11T15:00:00.000Z,2026-03-17T15:00:00.000Z,
Immunefi,AAVE,live,1000000,required,https://immunefi.com/bug-bounty/aave/information/,Smart Contract,Solidity,ETH,check_program_rules,,2023-10-18T09:00:00.000Z,,
Immunefi,Aster,live,200000,not_required,https://immunefi.com/bug-bounty/aster/information/,Websites and Applications / Smart Contract,,,check_program_rules,,2025-04-16T02:43:13.000Z,,
Immunefi,edgeX,live,10000,required,https://immunefi.com/bug-bounty/edgex/information/,Websites and Applications,,,check_program_rules,,2026-04-07T22:57:00.000Z,,
Immunefi,Attackathon | XRPL Lending Protocol,closed,200000,required,https://immunefi.com/bug-bounty/xrpl-ripple-attackathon/information/,Blockchain/DLT,C/C++,,check_program_rules,,2025-10-27T14:00:00.000Z,2025-11-24T14:00:00.000Z,
Immunefi,Variational,live,100000,required,https://immunefi.com/bug-bounty/variational/information/,Smart Contract / Websites and Applications,,,check_program_rules,,2026-03-16T16:30:00.000Z,,
Immunefi,Boba Network,live,100000,required,https://immunefi.com/bug-bounty/bobanetwork/information/,Websites and Applications / Smart Contract,Go / JavaScript / Solidity,Avalanche / BSC / ETH,check_program_rules,,2023-01-13T21:00:00.000Z,,
Immunefi,Flux Finance,live,550000,not_required,https://immunefi.com/bug-bounty/fluxfinance/information/,Smart Contract,Solidity,ETH,check_program_rules,,2023-02-08T16:00:00.000Z,,
Immunefi,Kleidi,live,50000,required,https://immunefi.com/bug-bounty/kleidi/information/,Smart Contract,,,check_program_rules,,2026-02-13T19:09:05.000Z,,
Immunefi,YO Protocol,live,10000,required,https://immunefi.com/bug-bounty/yo-protocol/information/,Smart Contract / Websites and Applications,,,check_program_rules,,2025-05-05T13:00:00.000Z,,
Immunefi,Velvet Capital V2,live,10000,required,https://immunefi.com/bug-bounty/velvet-capital-v2/information/,Smart Contract,,BSC,check_program_rules,,2024-09-05T21:23:24.000Z,,
Immunefi,Velvet Capital,live,51000,not_required,https://immunefi.com/bug-bounty/velvetcapital/information/,Smart Contract,,BSC,check_program_rules,,2023-12-15T09:00:00.000Z,,
Immunefi,IOP | SwayLend Frontend,closed,30000,not_required,https://immunefi.com/bug-bounty/swaylend-frontend-iop/information/,Websites and Applications,Sway,Fuel Network,check_program_rules,,2024-11-12T10:00:00.000Z,2024-12-17T10:00:00.000Z,
Immunefi,Immutable,live,1000000,required,https://immunefi.com/bug-bounty/immutable/information/,Smart Contract,,,check_program_rules,,2025-06-10T05:44:56.000Z,,
Immunefi,Audit Comp | Alchemix V3,closed,100000,not_required,https://immunefi.com/bug-bounty/alchemix-v3-audit-competition/information/,Smart Contract,,,check_program_rules,,2025-10-14T15:00:00.000Z,2025-11-04T14:00:00.000Z,
Immunefi,Audit Comp | Belong,closed,30000,not_required,https://immunefi.com/bug-bounty/audit-comp-belong/information/,Smart Contract,Cairo / Solidity,,check_program_rules,,2025-10-20T15:00:00.000Z,2025-10-29T15:00:00.000Z,
Immunefi,Audit Comp | Flare | FAssets,closed,125000,not_required,https://immunefi.com/bug-bounty/audit-comp-flare-fassets/information/,Smart Contract,Solidity,ETH,check_program_rules,,2025-05-12T10:00:00.000Z,2025-06-09T10:00:00.000Z,
Immunefi,Mitigation Audit | Flare | FAssets,closed,25000,not_required,https://immunefi.com/bug-bounty/flare-fassets--mitigation-audit/information/,Smart Contract,Solidity,,check_program_rules,,2025-09-18T10:00:00.000Z,2025-09-25T10:00:00.000Z,
Immunefi,Arkadiko,live,100000,not_required,https://immunefi.com/bug-bounty/arkadiko/information/,Smart Contract / Websites and Applications,Clarity,,check_program_rules,,2024-06-03T02:44:00.000Z,,
Immunefi,Audit Comp | Firedancer v0.1,closed,1000000,required,https://immunefi.com/bug-bounty/firedancer-boost/information/,Blockchain/DLT,C/C++,Solana,check_program_rules,,2024-07-10T17:00:00.000Z,2024-08-21T08:00:00.000Z,
Immunefi,Audit Comp | Vechain | Stargate Hayabusa,closed,40000,required,https://immunefi.com/bug-bounty/audit-comp-vechain-stargate-hayabusa/information/,Smart Contract,Solidity,,check_program_rules,,2025-11-10T10:00:00.000Z,2025-11-24T10:00:00.000Z,
Immunefi,Bug Bounty Comp | Lido V3,closed,2000000,not_required,https://immunefi.com/bug-bounty/lido-v3-bug-bounty-competition/information/,Smart Contract,Solidity,ETH,check_program_rules,,2025-11-12T13:00:00.000Z,2025-12-09T12:00:00.000Z,
Immunefi,Attackathon | Plume Network,closed,200000,required,https://immunefi.com/bug-bounty/plume-network-attackathon/information/,Smart Contract,Solidity,,check_program_rules,,2025-07-17T18:00:00.000Z,2025-08-14T19:00:00.000Z,
Immunefi,Avail,live,250000,required,https://immunefi.com/bug-bounty/avail/information/,Smart Contract / Websites and Applications,Solidity,ETH,check_program_rules,,2024-07-23T02:00:00.000Z,,
Immunefi,Audit Comp | Firelight,closed,15000,not_required,https://immunefi.com/bug-bounty/audit-comp-firelight/information/,Smart Contract,Solidity,,check_program_rules,,2025-11-07T14:00:00.000Z,2025-11-17T10:00:00.000Z,
Immunefi,Attackathon | VeChain Hayabusa Upgrade,closed,160000,required,https://immunefi.com/bug-bounty/vechain-hayabusa-upgrade-attackathon/information/,Blockchain/DLT / Smart Contract,,,check_program_rules,,2025-10-01T13:00:00.000Z,2025-10-26T14:00:00.000Z,
Immunefi,Audit Comp | Folks Finance: Wormhole NTT on Algorand,closed,30000,not_required,https://immunefi.com/bug-bounty/audit-comp--folks-finance-wormhole-ntt-on-algorand/information/,Smart Contract,Python,Algorand,check_program_rules,,2025-10-16T10:00:00.000Z,2025-10-27T10:00:00.000Z,
Immunefi,Nexus Mutual,live,25000,not_required,https://immunefi.com/bug-bounty/nexusmutual/information/,Smart Contract,Solidity,ETH,check_program_rules,,2021-02-23T07:00:00.000Z,,
Immunefi,Attackathon | Fuel Network,closed,1000000,required,https://immunefi.com/bug-bounty/fuel-network-attackathon/information/,Blockchain/DLT / Smart Contract / Websites and Applications,Sway / Rust,Fuel Network,check_program_rules,,2024-06-17T08:00:00.000Z,2024-07-29T08:00:00.000Z,
Immunefi,SushiSwap,live,200000,not_required,https://immunefi.com/bug-bounty/sushiswap/information/,Smart Contract,Solidity,Arbitrum / Avalanche / BSC / Celo / ETH / Fantom / Gnosis / Harmony / Heco / Kava / Linea / Metis / Moonbeam / Optimism / Polygon,check_program_rules,,2021-03-26T07:00:00.000Z,,
Immunefi,DeFi Saver,live,350000,not_required,https://immunefi.com/bug-bounty/defisaver/information/,Smart Contract / Websites and Applications,Solidity,ETH,check_program_rules,,2021-04-21T07:00:00.000Z,,
Immunefi,Bug Bounty Comp | Lido: Dual Governance,closed,2000000,not_required,https://immunefi.com/bug-bounty/lido-bug-bounty-competition/information/,Smart Contract,,ETH,check_program_rules,,2025-07-29T12:00:00.000Z,2025-08-12T12:00:00.000Z,
Immunefi,Audit Comp | Folks Smart Contract Library,closed,30000,not_required,https://immunefi.com/bug-bounty/folks-sc-library/information/,Smart Contract,Python,Algorand,check_program_rules,,2025-07-07T10:00:00.000Z,2025-07-21T10:00:00.000Z,
Immunefi,IOP | Paradex,closed,45000,required,https://immunefi.com/bug-bounty/iop-paradex/information/,Smart Contract,Solidity,,check_program_rules,,2025-05-23T07:00:00.000Z,2025-06-13T07:00:00.000Z,"Invite-only, verify eligibility"
Immunefi,IOP | Zano Trade,closed,20000,not_required,https://immunefi.com/bug-bounty/iop-zano-trade/information/,Websites and Applications,NextJS / Typescript,,check_program_rules,,2025-06-19T10:00:00.000Z,2025-07-03T10:00:00.000Z,"Invite-only, verify eligibility"
Immunefi,IOP | Term Structure Institutional,closed,6000,required,https://immunefi.com/bug-bounty/iop-term-structure/information/,Smart Contract,Solidity,ETH,check_program_rules,,2025-06-02T10:00:21.000Z,2025-06-16T10:00:00.000Z,"Invite-only, verify eligibility"
Immunefi,Audit Comp | Spectra Finance,closed,40000,not_required,https://immunefi.com/bug-bounty/audit-comp-spectra-finance/information/,Smart Contract,Solidity,ETH,check_program_rules,,2025-04-03T14:00:00.000Z,2025-04-17T14:00:00.000Z,
Immunefi,IOP | CircuitDAO,closed,10000,required,https://immunefi.com/bug-bounty/iop-circuitdao/information/,Smart Contract,,,check_program_rules,,2025-04-09T13:50:00.000Z,2025-04-24T14:42:00.000Z,"Invite-only, verify eligibility"
Immunefi,Mars Ecosystem,live,10000,not_required,https://immunefi.com/bug-bounty/marsecosystem/information/,Smart Contract / Websites and Applications,Solidity,BSC / ETH,check_program_rules,,2021-09-08T11:00:00.000Z,,
Immunefi,Attackathon | Stacks II,closed,250000,required,https://immunefi.com/bug-bounty/stacks-attackathon-2/information/,Blockchain/DLT / Smart Contract,Rust / Clarity,Bitcoin / Stacks,check_program_rules,,2025-02-24T08:00:00.000Z,2025-03-27T08:00:00.000Z,
Immunefi,Attackathon | Movement Labs,closed,400000,required,https://immunefi.com/bug-bounty/movement-labs-attackathon/information/,Blockchain/DLT / Smart Contract,Move / Rust,,check_program_rules,,2025-03-07T18:00:00.000Z,2025-04-04T18:00:00.000Z,
Immunefi,Attackathon | Ethereum Protocol,closed,1500000,required,https://immunefi.com/bug-bounty/ethereum-protocol-attackathon/information/,Smart Contract / Blockchain/DLT,Solidity / Vyper,ETH,check_program_rules,,2024-11-25T14:00:00.000Z,2025-01-25T14:00:00.000Z,
Immunefi,Audit Comp | Yeet,closed,30000,not_required,https://immunefi.com/bug-bounty/audit-comp-yeet/information/,Smart Contract,Solidity,,check_program_rules,,2025-03-11T14:00:00.000Z,2025-03-25T14:00:00.000Z,
Immunefi,Audit Comp | Lombard,closed,100000,required,https://immunefi.com/bug-bounty/audit-comp-lombard/information/,Smart Contract,Solidity,,check_program_rules,,2024-12-18T16:00:00.000Z,2025-01-08T16:00:00.000Z,
Immunefi,Audit Comp | Butter,closed,30000,required,https://immunefi.com/bug-bounty/audit-comp-butter/information/,Smart Contract,Solidity,,check_program_rules,,2025-01-23T10:00:00.000Z,2025-02-01T10:00:00.000Z,
Immunefi,Audit Comp | Shardeum: Core III,closed,250000,not_required,https://immunefi.com/bug-bounty/audit-comp-shardeum-core-iii/information/,Blockchain/DLT,Typescript,Shardeum,check_program_rules,,2025-01-15T21:44:00.000Z,2025-02-12T17:00:00.000Z,
Immunefi,Hibachi,live,20000,required,https://immunefi.com/bug-bounty/hibachi/information/,Websites and Applications,,Celestia,check_program_rules,,2025-01-08T14:58:00.000Z,,
Immunefi,Audit Comp | Shardeum: Ancillaries III,closed,100000,not_required,https://immunefi.com/bug-bounty/audit-comp-shardeum-ancillaries-iii/information/,Websites and Applications,Typescript,Shardeum,check_program_rules,,2025-01-15T21:45:00.000Z,2025-02-12T17:00:00.000Z,
Immunefi,IOP | Zano,closed,25000,required,https://immunefi.com/bug-bounty/iop-zano/information/,Blockchain/DLT / Websites and Applications,C/C++,,check_program_rules,,2025-02-17T10:00:00.000Z,2025-03-10T14:00:00.000Z,"Invite-only, verify eligibility"
Immunefi,Kelp DAO,live,250000,required,https://immunefi.com/bug-bounty/kelp-dao/information/,Smart Contract / Websites and Applications,,,check_program_rules,,2024-08-02T00:00:00.000Z,,
Immunefi,mETH Protocol,live,500000,not_required,https://immunefi.com/bug-bounty/mETH/information/,Smart Contract,Solidity,,check_program_rules,,2023-11-28T14:00:00.000Z,,
Immunefi,Beets,live,200000,not_required,https://immunefi.com/bug-bounty/beets/information/,Smart Contract,Solidity,Fantom / Optimism,check_program_rules,,2022-09-16T03:30:00.000Z,,
Immunefi,Audit Comp | Celo,closed,50000,required,https://immunefi.com/bug-bounty/audit-comp-celo/information/,Smart Contract,Solidity / Go,,check_program_rules,,2024-11-13T19:00:43.000Z,2024-12-06T19:00:00.000Z,
Immunefi,Attackathon | Stacks,closed,250000,required,https://immunefi.com/bug-bounty/stacks-attackathon-1/information/,Blockchain/DLT / Smart Contract,Rust / Clarity,Bitcoin / Stacks,check_program_rules,,2024-12-02T08:00:00.000Z,2025-01-13T08:00:00.000Z,
Immunefi,Utix,live,500000,not_required,https://immunefi.com/bug-bounty/utix/information/,Smart Contract,Solidity,ETH,check_program_rules,,2023-07-26T12:00:00.000Z,,
Immunefi,FBTC,live,100000,required,https://immunefi.com/bug-bounty/fbtc/information/,Smart Contract,,,check_program_rules,,2024-12-19T19:46:46.000Z,,
Immunefi,Audit Comp | Jito Restaking,closed,150000,required,https://immunefi.com/bug-bounty/jito-restaking-audit-competition/information/,Smart Contract,,Solana,check_program_rules,,2024-11-04T10:00:41.000Z,2024-12-02T10:00:00.000Z,
Immunefi,Audit Comp | Folks: Liquid Staking,closed,30000,not_required,https://immunefi.com/bug-bounty/folks-finance-liquid-staking-audit-competition/information/,Smart Contract,,,check_program_rules,,2024-12-09T10:00:12.000Z,2024-12-19T10:00:00.000Z,
Immunefi,IOP | Fluid Protocol,closed,80000,required,https://immunefi.com/bug-bounty/iop-fluid-protocol/information/,Smart Contract,Sway,Fuel Network,check_program_rules,,2024-11-14T11:00:00.000Z,2024-12-12T10:00:00.000Z,"Invite-only, verify eligibility"
Immunefi,Stader for ETH,live,1000000,not_required,https://immunefi.com/bug-bounty/staderforeth/information/,Smart Contract,Solidity,ETH,check_program_rules,,2023-07-08T11:00:00.000Z,,
Immunefi,Orderly Network,live,100000,not_required,https://immunefi.com/bug-bounty/orderlynetwork/information/,Smart Contract / Websites and Applications,Solidity,ETH,check_program_rules,,2024-02-27T00:05:00.000Z,,
Immunefi,Audit Comp | Anvil: Letters of Credit,closed,30000,required,https://immunefi.com/bug-bounty/audit-comp-anvil-letters-of-credit/information/,Smart Contract,Solidity,,check_program_rules,,2024-11-11T10:00:28.000Z,2024-11-22T10:00:00.000Z,
Immunefi,Audit Comp | Anvil,closed,50000,required,https://immunefi.com/bug-bounty/audit-comp-anvil/information/,Smart Contract,Solidity,,check_program_rules,,2024-10-16T08:00:00.000Z,2024-11-06T08:00:00.000Z,
Immunefi,Gamma,live,50000,not_required,https://immunefi.com/bug-bounty/gamma/information/,Smart Contract,Solidity,ETH,check_program_rules,,2021-10-08T15:00:00.000Z,,
Immunefi,Beefy Finance,live,75000,not_required,https://immunefi.com/bug-bounty/beefyfinance/information/,Smart Contract / Websites and Applications,Solidity,Polygon,check_program_rules,,2021-07-15T16:00:00.000Z,,
Immunefi,Ante Finance,live,25000,required,https://immunefi.com/bug-bounty/antefinance/information/,Smart Contract,Solidity,ETH,check_program_rules,,2022-01-05T18:00:00.000Z,,
Immunefi,Audit Comp | Shardeum: Ancillaries II,closed,100000,not_required,https://immunefi.com/bug-bounty/shardeum-ancillaries-ii-boost/information/,Websites and Applications,Typescript / Rust,Shardeum,check_program_rules,,2024-09-04T12:00:00.000Z,2024-10-16T12:00:00.000Z,
Immunefi,Audit Comp | Shardeum: Core II,closed,150000,not_required,https://immunefi.com/bug-bounty/shardeum-core-ii-boost/information/,Blockchain/DLT,Typescript,Shardeum,check_program_rules,,2024-09-04T12:00:00.000Z,2024-10-16T12:00:00.000Z,
Immunefi,Audit Comp | Acre,closed,50000,not_required,https://immunefi.com/bug-bounty/boost-acre/information/,Smart Contract,Solidity,,check_program_rules,,2024-08-20T08:00:25.000Z,2024-09-03T08:00:00.000Z,
Immunefi,Harvest Finance,live,100000,not_required,https://immunefi.com/bug-bounty/harvest/information/,Smart Contract / Websites and Applications,JavaScript / Solidity,Arbitrum / BSC / ETH / Polygon,check_program_rules,,2020-12-02T07:00:00.000Z,,
Immunefi,IOP | Swaylend,closed,45000,not_required,https://immunefi.com/bug-bounty/iop-swaylend/information/,Smart Contract,Rust,Fuel Network,check_program_rules,,2024-10-01T08:00:00.000Z,2024-10-22T12:00:00.000Z,"Invite-only, verify eligibility"
Immunefi,DeXe Protocol,live,500000,required,https://immunefi.com/bug-bounty/dexeprotocol/information/,Smart Contract,Python / Typescript / Go,ETH,check_program_rules,,2024-01-23T20:00:00.000Z,,
Immunefi,Ichi,live,50000,not_required,https://immunefi.com/bug-bounty/ichi/information/,Smart Contract,Solidity,ETH,check_program_rules,,2021-06-17T15:00:00.000Z,,
Immunefi,Pragma Oracle,live,50000,required,https://immunefi.com/bug-bounty/pragmaoracle/information/,Smart Contract,Solidity,ETH,check_program_rules,,2023-11-22T09:00:00.000Z,,
Immunefi,Audit Comp | Lido: Mellow Vault,closed,100000,not_required,https://immunefi.com/bug-bounty/boost-lido/information/,Smart Contract,Solidity,ETH,check_program_rules,,2024-08-15T12:00:00.000Z,2024-09-05T08:00:00.000Z,
Immunefi,IOP | ThunderNFT,closed,65000,not_required,https://immunefi.com/bug-bounty/thundernft-iop/information/,Smart Contract,Sway,Fuel Network,check_program_rules,,2024-08-12T11:00:00.000Z,2024-09-02T08:00:28.000Z,"Invite-only, verify eligibility"
Immunefi,IOP | Ionic,closed,6000,not_required,https://immunefi.com/bug-bounty/ionic-iop/information/,Smart Contract,Solidity,Base / Mode,check_program_rules,,2024-06-12T08:00:00.000Z,2024-06-19T10:00:00.000Z,"Invite-only, verify eligibility"
Immunefi,IOP | Hinkal,closed,0,required,https://immunefi.com/bug-bounty/hinkal-iop/information/,Smart Contract,,,check_program_rules,,2024-04-16T18:00:00.000Z,2024-05-07T21:00:00.000Z,"Invite-only, verify eligibility"
Immunefi,Audit Comp | IDEX,closed,45000,not_required,https://immunefi.com/bug-bounty/boost-idex/information/,Smart Contract / Websites and Applications,Solidity,,check_program_rules,,2024-07-30T08:00:00.000Z,2024-08-23T08:00:00.000Z,
Immunefi,Audit Comp | Shardeum: Ancillaries,closed,200000,not_required,https://immunefi.com/bug-bounty/shardeum-ancillaries-boost/information/,Websites and Applications,Rust / Typescript,Shardeum,check_program_rules,,2024-07-08T06:00:00.000Z,2024-08-14T06:00:00.000Z,
Immunefi,Audit Comp | Shardeum: Core,closed,500000,not_required,https://immunefi.com/bug-bounty/shardeum-core-boost/information/,Blockchain/DLT,Typescript,Shardeum,check_program_rules,,2024-07-08T06:00:00.000Z,2024-08-14T06:00:00.000Z,
Immunefi,Mitigation Audit | Folks Finance,closed,25000,not_required,https://immunefi.com/bug-bounty/mitigation-audit-folksfinance/information/,Smart Contract,,,check_program_rules,,2024-08-27T11:00:00.000Z,2024-09-05T11:00:00.000Z,
Immunefi,Audit Comp | Folks Finance,closed,100000,not_required,https://immunefi.com/bug-bounty/folksfinance-boost/information/,Smart Contract,Solidity,,check_program_rules,,2024-07-16T08:00:00.000Z,2024-08-06T08:00:00.000Z,
Immunefi,Audit Comp | Alchemix,closed,125000,not_required,https://immunefi.com/bug-bounty/alchemix-boost/information/,Smart Contract,,,check_program_rules,,2024-04-30T10:30:00.000Z,2024-05-21T10:30:00.000Z,
Immunefi,Audit Comp | ZeroLend,closed,200000,not_required,https://immunefi.com/bug-bounty/zerolend-boost/information/,Smart Contract,Solidity / JavaScript,ETH,check_program_rules,,2024-02-29T08:00:00.000Z,2024-03-14T08:00:00.000Z,
Immunefi,Audit Comp | Immunefi Arbitration,closed,30000,required,https://immunefi.com/bug-bounty/immunefiarbitration-boost/information/,Smart Contract,,,check_program_rules,,2024-03-12T08:00:00.000Z,2024-04-02T08:00:00.000Z,
Immunefi,Audit Comp | Puffer Finance,closed,200000,not_required,https://immunefi.com/bug-bounty/pufferfinance-boost/information/,Smart Contract,Solidity,ETH,check_program_rules,,2024-02-22T08:00:00.000Z,2024-03-07T08:00:00.000Z,
Immunefi,Audit Comp | eBTC,closed,200000,not_required,https://immunefi.com/bug-bounty/ebtc-boost/information/,Smart Contract,Solidity / JavaScript,ETH,check_program_rules,,2024-02-19T08:00:00.000Z,2024-03-04T08:00:00.000Z,
Immunefi,Audit Comp | DeGate,closed,400000,not_required,https://immunefi.com/bug-bounty/boosteddegatebugbounty/information/,Smart Contract,C/C++ / Go / Solidity,ETH,check_program_rules,,2023-11-20T16:00:00.000Z,2023-12-04T09:00:00.000Z,
HackenProof,Ult: Trade Stocks & Crypto,live,20000,check,https://hackenproof.com/programs/ult-trade-stocks-and-crypto,,,,check_program_rules,0,,,"Reputation, submission fees and PoC requirements vary; verify programme page"
HackenProof,Hotcoin Web & Mobile,live,1000,check,https://hackenproof.com/programs/hotcoin-web-and-mobile,,,,check_program_rules,50,,,"Reputation, submission fees and PoC requirements vary; verify programme page"
HackenProof,Hinkal Bug Bounty,live,10000,check,https://hackenproof.com/programs/hinkal-bug-bounty,,,,check_program_rules,0,,,"Reputation, submission fees and PoC requirements vary; verify programme page"
HackenProof,ADI Predictstreet Smart Contracts,live,10000,check,https://hackenproof.com/programs/adi-predictstreet-smart-contracts,,,,check_program_rules,0,,,"Reputation, submission fees and PoC requirements vary; verify programme page"
HackenProof,Zynk Protocol,live,5000,check,https://hackenproof.com/programs/zynk-protocol,,,,check_program_rules,0,,,"Reputation, submission fees and PoC requirements vary; verify programme page"
HackenProof,Starknet Staking,live,100000,check,https://hackenproof.com/programs/starknet-staking,,,,check_program_rules,0,,,"Reputation, submission fees and PoC requirements vary; verify programme page"
HackenProof,Starknet Web & SC,live,250000,check,https://hackenproof.com/programs/starknet-web-and-sc,,,,check_program_rules,0,,,"Reputation, submission fees and PoC requirements vary; verify programme page"
HackenProof,Starknet Blockchain/DLT,live,250000,check,https://hackenproof.com/programs/starknet-blockchain-slash-dlt,,,,check_program_rules,"11,000",,,"Reputation, submission fees and PoC requirements vary; verify programme page"
HackenProof,Arcadia Finance Smart Contracts,live,25000,check,https://hackenproof.com/programs/arcadia-finance-company-smart-contracts,,,,check_program_rules,"1,250",,,"Reputation, submission fees and PoC requirements vary; verify programme page"
HackenProof,Hyperbridge Protocol,live,50000,check,https://hackenproof.com/programs/hyperbridge-protocol,,,,check_program_rules,"163,000",,,"Reputation, submission fees and PoC requirements vary; verify programme page"
HackenProof,Cetus Web,live,10000,check,https://hackenproof.com/programs/cetus-web,,,,check_program_rules,"2,670",,,"Reputation, submission fees and PoC requirements vary; verify programme page"
HackenProof,Ample Smart Contracts,live,20000,check,https://hackenproof.com/programs/ample-smart-contracts,,,,check_program_rules,0,,,"Reputation, submission fees and PoC requirements vary; verify programme page"
HackenProof,Dexalot Smart Contracts,live,20000,check,https://hackenproof.com/programs/dexalot-smart-contracts-2,,,,check_program_rules,0,,,"Reputation, submission fees and PoC requirements vary; verify programme page"
HackenProof,AMLBot KYT Web,live,1500,check,https://hackenproof.com/programs/amlbot-kyt-web,,,,check_program_rules,"1,300",,,"Reputation, submission fees and PoC requirements vary; verify programme page"
HackenProof,idOS Apps and SC,live,5000,check,https://hackenproof.com/programs/idos-apps-and-sc-1,,,,check_program_rules,"9,950",,,"Reputation, submission fees and PoC requirements vary; verify programme page"
HackenProof,PUMB Web,live,2000,check,https://hackenproof.com/programs/pumb-web,,,,check_program_rules,"10,100",,,"Reputation, submission fees and PoC requirements vary; verify programme page"
HackenProof,Ember EVM Smart Contracts,live,15000,check,https://hackenproof.com/programs/ember-evm-smart-contracts,,,,check_program_rules,0,,,"Reputation, submission fees and PoC requirements vary; verify programme page"
HackenProof,NEAR Intents: Bridges,live,300000,check,https://hackenproof.com/programs/near-intents-bridges,,,,check_program_rules,"60,000",,,"Reputation, submission fees and PoC requirements vary; verify programme page"
HackenProof,Multipli Smart Contracts,live,10000,check,https://hackenproof.com/programs/multipli-smart-contracts,,,,check_program_rules,100,,,"Reputation, submission fees and PoC requirements vary; verify programme page"
HackenProof,Multipli Web,live,2000,check,https://hackenproof.com/programs/multipli-web,,,,check_program_rules,100,,,"Reputation, submission fees and PoC requirements vary; verify programme page"
HackenProof,NEAR Intents: SDK,live,20000,check,https://hackenproof.com/programs/near-intents-sdk,,,,check_program_rules,0,,,"Reputation, submission fees and PoC requirements vary; verify programme page"
HackenProof,Citrea Protocol & Smart Contracts,live,250000,check,https://hackenproof.com/programs/citrea-protocol-and-smart-contracts,,,,check_program_rules,"11,000",,,"Reputation, submission fees and PoC requirements vary; verify programme page"
HackenProof,Citrea Web & Apps,live,25000,check,https://hackenproof.com/programs/citrea-web-and-apps,,,,check_program_rules,600,,,"Reputation, submission fees and PoC requirements vary; verify programme page"
HackenProof,CEX.IO Web & Mobile,live,500,check,https://hackenproof.com/programs/cex-dot-io-web-and-mobile,,,,check_program_rules,300,,,"Reputation, submission fees and PoC requirements vary; verify programme page"
HackenProof,Monday Trade Web,live,3000,check,https://hackenproof.com/programs/monday-trade-web,,,,check_program_rules,400,,,"Reputation, submission fees and PoC requirements vary; verify programme page"
HackenProof,Gate US,live,5000,check,https://hackenproof.com/programs/gate-us,,,,check_program_rules,250,,,"Reputation, submission fees and PoC requirements vary; verify programme page"
HackenProof,Whitechain Bridge,live,10000,check,https://hackenproof.com/programs/whitechain-bridge,,,,check_program_rules,150,,,"Reputation, submission fees and PoC requirements vary; verify programme page"
HackenProof,BitKan Web & Mobile,live,500,check,https://hackenproof.com/programs/bitkan-web-and-mobile,,,,check_program_rules,852,,,"Reputation, submission fees and PoC requirements vary; verify programme page"
HackenProof,AMLBot Web,live,500,check,https://hackenproof.com/programs/amlbot-web,,,,check_program_rules,500,,,"Reputation, submission fees and PoC requirements vary; verify programme page"
HackenProof,ADI Foundation zkVM Verification,live,10000,check,https://hackenproof.com/programs/adi-foundation-zkvm-verification,,,,check_program_rules,0,,,"Reputation, submission fees and PoC requirements vary; verify programme page"
HackenProof,ADI Foundation Smart Contracts,live,10000,check,https://hackenproof.com/programs/adi-foundation-smart-contracts,,,,check_program_rules,"2,000",,,"Reputation, submission fees and PoC requirements vary; verify programme page"
HackenProof,Kaia Protocol,live,10000,check,https://hackenproof.com/programs/kaia-protocol,,,,check_program_rules,"21,000",,,"Reputation, submission fees and PoC requirements vary; verify programme page"
HackenProof,1inch Aqua,live,100000,check,https://hackenproof.com/programs/1inch-aqua,,,,check_program_rules,"21,800",,,"Reputation, submission fees and PoC requirements vary; verify programme page"
HackenProof,Nado Web,live,10000,check,https://hackenproof.com/programs/nado-web,,,,check_program_rules,0,,,"Reputation, submission fees and PoC requirements vary; verify programme page"
HackenProof,Nado Smart Contracts,live,500000,check,https://hackenproof.com/programs/nado-smart-contracts,,,,check_program_rules,"18,750",,,"Reputation, submission fees and PoC requirements vary; verify programme page"
HackenProof,Phemex Web & Mobile,live,500000,check,https://hackenproof.com/programs/phemex-web-and-mobile,,,,check_program_rules,"16,050",,,"Reputation, submission fees and PoC requirements vary; verify programme page"
HackenProof,Bitkub Capital Group Holdings,live,200,check,https://hackenproof.com/programs/bitkub-capital-group-holdings,,,,check_program_rules,"2,450",,,"Reputation, submission fees and PoC requirements vary; verify programme page"
HackenProof,STBL Smart Contracts,live,20000,check,https://hackenproof.com/programs/stbl-smart-contracts,,,,check_program_rules,0,,,"Reputation, submission fees and PoC requirements vary; verify programme page"
HackenProof,STBL Web,live,10000,check,https://hackenproof.com/programs/stbl-web,,,,check_program_rules,0,,,"Reputation, submission fees and PoC requirements vary; verify programme page"
HackenProof,Astros Web,live,5000,check,https://hackenproof.com/programs/astros-web,,,,check_program_rules,150,,,"Reputation, submission fees and PoC requirements vary; verify programme page"
HackenProof,Astros Smart Contracts,live,150000,check,https://hackenproof.com/programs/astros-smart-contracts,,,,check_program_rules,0,,,"Reputation, submission fees and PoC requirements vary; verify programme page"
HackenProof,Volo Web,live,5000,check,https://hackenproof.com/programs/volo-web,,,,check_program_rules,0,,,"Reputation, submission fees and PoC requirements vary; verify programme page"
HackenProof,Volo Smart Contracts,live,150000,check,https://hackenproof.com/programs/volo-smart-contracts,,,,check_program_rules,"11,700",,,"Reputation, submission fees and PoC requirements vary; verify programme page"
HackenProof,NAVI Protocol Web,live,10000,check,https://hackenproof.com/programs/navi-protocol-web,,,,check_program_rules,100,,,"Reputation, submission fees and PoC requirements vary; verify programme page"
HackenProof,NAVI Protocol,live,300000,check,https://hackenproof.com/programs/navi-protocol,,,,check_program_rules,0,,,"Reputation, submission fees and PoC requirements vary; verify programme page"
HackenProof,Momentum Smart Contracts,live,200000,check,https://hackenproof.com/programs/momentum-smart-contracts,,,,check_program_rules,100,,,"Reputation, submission fees and PoC requirements vary; verify programme page"
HackenProof,Ember Vaults Smart Contracts,live,15000,check,https://hackenproof.com/programs/ember-vaults-smart-contracts,,,,check_program_rules,0,,,"Reputation, submission fees and PoC requirements vary; verify programme page"
HackenProof,FlowX CLMM Smart Contracts,live,5000,check,https://hackenproof.com/programs/flowx-clmm-smart-contracts,,,,check_program_rules,0,,,"Reputation, submission fees and PoC requirements vary; verify programme page"
HackenProof,Turbos Finance Smart Contracts,live,15000,check,https://hackenproof.com/programs/turbos-finance-smart-contracts,,,,check_program_rules,0,,,"Reputation, submission fees and PoC requirements vary; verify programme page"
HackenProof,Snowbridge On-Chain Code,live,75000,check,https://hackenproof.com/programs/snowbridge-on-chain-code,,,,check_program_rules,"35,100",,,"Reputation, submission fees and PoC requirements vary; verify programme page"
HackenProof,NEAR Intents: Smart Contracts,live,300000,check,https://hackenproof.com/programs/near-intents-smart-contracts,,,,check_program_rules,"500,200",,,"Reputation, submission fees and PoC requirements vary; verify programme page"
HackenProof,Sweed Web,live,2000,check,https://hackenproof.com/programs/sweed-web,,,,check_program_rules,"3,250",,,"Reputation, submission fees and PoC requirements vary; verify programme page"
HackenProof,Bluefin Dex Contracts,live,15000,check,https://hackenproof.com/programs/bluefin-dex-contracts,,,,check_program_rules,"1,000",,,"Reputation, submission fees and PoC requirements vary; verify programme page"
HackenProof,Bucket Protocol Smart Contracts,live,15000,check,https://hackenproof.com/programs/bucket-protocol-smart-contracts,,,,check_program_rules,"3,500",,,"Reputation, submission fees and PoC requirements vary; verify programme page"
HackenProof,Haedal Smart Contracts,live,200000,check,https://hackenproof.com/programs/haedal-smart-contracts,,,,check_program_rules,"1,590",,,"Reputation, submission fees and PoC requirements vary; verify programme page"
HackenProof,OFZA Web,live,10000,check,https://hackenproof.com/programs/ofza-web,,,,check_program_rules,75,,,"Reputation, submission fees and PoC requirements vary; verify programme page"
HackenProof,KUB Chain & Ecosystem,live,5000,check,https://hackenproof.com/programs/kub-chain-and-ecosystem,,,,check_program_rules,"1,450",,,"Reputation, submission fees and PoC requirements vary; verify programme page"
HackenProof,Bitkub Blockchain Technology,live,2500,check,https://hackenproof.com/programs/bitkub-blockchain-technology,,,,check_program_rules,950,,,"Reputation, submission fees and PoC requirements vary; verify programme page"
HackenProof,Layer3 Web,live,10000,check,https://hackenproof.com/programs/layer3-web,,,,check_program_rules,"3,000",,,"Reputation, submission fees and PoC requirements vary; verify programme page"
HackenProof,NonKyc.io,live,5000,check,https://hackenproof.com/programs/nonkyc-dot-io,,,,check_program_rules,"4,420",,,"Reputation, submission fees and PoC requirements vary; verify programme page"
HackenProof,Cetus Smart Contracts,live,300000,check,https://hackenproof.com/programs/cetus-smart-contracts,,,,check_program_rules,310,,,"Reputation, submission fees and PoC requirements vary; verify programme page"
HackenProof,Zoomex Web & Mobile,live,10000,check,https://hackenproof.com/programs/zoomex-web-and-mobile,,,,check_program_rules,"3,300",,,"Reputation, submission fees and PoC requirements vary; verify programme page"
HackenProof,Tapbit Web & Mobile,live,10000,check,https://hackenproof.com/programs/tapbit-web-and-mobile,,,,check_program_rules,"3,950",,,"Reputation, submission fees and PoC requirements vary; verify programme page"
HackenProof,1inch Infrastructure,live,20000,check,https://hackenproof.com/programs/1inch-infrastructure,,,,check_program_rules,"2,850",,,"Reputation, submission fees and PoC requirements vary; verify programme page"
HackenProof,1inch Business,live,100000,check,https://hackenproof.com/programs/1inch-business,,,,check_program_rules,"34,200",,,"Reputation, submission fees and PoC requirements vary; verify programme page"
HackenProof,1inch Web,live,50000,check,https://hackenproof.com/programs/1inch-web,,,,check_program_rules,"24,250",,,"Reputation, submission fees and PoC requirements vary; verify programme page"
HackenProof,1inch Wallet,live,100000,check,https://hackenproof.com/programs/1inch-wallet,,,,check_program_rules,"14,700",,,"Reputation, submission fees and PoC requirements vary; verify programme page"
HackenProof,NiceHash Mining platform,live,25000,check,https://hackenproof.com/programs/nicehash-mining-platform,,,,check_program_rules,"2,983",,,"Reputation, submission fees and PoC requirements vary; verify programme page"
HackenProof,SynFutures dApp,live,10000,check,https://hackenproof.com/programs/synfutures-dapp,,,,check_program_rules,"2,600",,,"Reputation, submission fees and PoC requirements vary; verify programme page"
HackenProof,Bluefin Coin Contracts,live,15000,check,https://hackenproof.com/programs/bluefin-coin-contracts,,,,check_program_rules,0,,,"Reputation, submission fees and PoC requirements vary; verify programme page"
HackenProof,Flow Web,live,4000,check,https://hackenproof.com/programs/flow-web,,,,check_program_rules,"4,200",,,"Reputation, submission fees and PoC requirements vary; verify programme page"
HackenProof,KCEX,live,5000,check,https://hackenproof.com/programs/kcex,,,,check_program_rules,750,,,"Reputation, submission fees and PoC requirements vary; verify programme page"
HackenProof,Flipster Web & Mobile,live,3000,check,https://hackenproof.com/programs/flipster-web-and-mobile,,,,check_program_rules,"1,750",,,"Reputation, submission fees and PoC requirements vary; verify programme page"
HackenProof,Flow Protocol,live,25000,check,https://hackenproof.com/programs/flow-protocol,,,,check_program_rules,"158,200",,,"Reputation, submission fees and PoC requirements vary; verify programme page"
HackenProof,STON.fi DEX Smart Contracts v2,live,100000,check,https://hackenproof.com/programs/ston-dot-fi-dex-smart-contracts-v2,,,,check_program_rules,0,,,"Reputation, submission fees and PoC requirements vary; verify programme page"
HackenProof,Blockchain.com Web & Mobile,live,10000,check,https://hackenproof.com/programs/blockchain-dot-com,,,,check_program_rules,"8,550",,,"Reputation, submission fees and PoC requirements vary; verify programme page"
HackenProof,LeveX Web & Mobile,live,5000,check,https://hackenproof.com/programs/levex-web-and-mobile,,,,check_program_rules,"4,500",,,"Reputation, submission fees and PoC requirements vary; verify programme page"
HackenProof,Celestia,live,10000,check,https://hackenproof.com/programs/celestia,,,,check_program_rules,Private,,,"Reputation, submission fees and PoC requirements vary; verify programme page"
HackenProof,GMGN Web & Mobile,live,1000000,check,https://hackenproof.com/programs/gmgn-web-and-mobile,,,,check_program_rules,"8,050",,,"Reputation, submission fees and PoC requirements vary; verify programme page"
HackenProof,Scallop Protocol (Smart Contract),live,300000,check,https://hackenproof.com/programs/scallop-protocol-smart-contract,,,,check_program_rules,600,,,"Reputation, submission fees and PoC requirements vary; verify programme page"
HackenProof,Parity Polkadot Release Infrastructure,live,25000,check,https://hackenproof.com/programs/parity-polkadot-release-infrastructure,,,,check_program_rules,0,,,"Reputation, submission fees and PoC requirements vary; verify programme page"
HackenProof,"Polkadot SDK, Runtime by Parity",live,25000,check,https://hackenproof.com/programs/polkadot-sdk-runtime-by-parity,,,,check_program_rules,"18,500",,,"Reputation, submission fees and PoC requirements vary; verify programme page"
HackenProof,Tickets Travel Network / Mobile,live,2000,check,https://hackenproof.com/programs/tickets-travel-network-slash-mobile,,,,check_program_rules,"15,100",,,"Reputation, submission fees and PoC requirements vary; verify programme page"
HackenProof,Bitunix Web,live,8000,check,https://hackenproof.com/programs/bitunix-web,,,,check_program_rules,"28,300",,,"Reputation, submission fees and PoC requirements vary; verify programme page"
HackenProof,WEEX Web & App,live,10000,check,https://hackenproof.com/programs/weex-web-and-app,,,,check_program_rules,"17,470",,,"Reputation, submission fees and PoC requirements vary; verify programme page"
HackenProof,Bluefin Spot Contracts,live,15000,check,https://hackenproof.com/programs/bluefin-spot-contracts,,,,check_program_rules,Private,,,"Reputation, submission fees and PoC requirements vary; verify programme page"
HackenProof,AtomOne,live,10000,check,https://hackenproof.com/programs/atomone,,,,check_program_rules,Private,,,"Reputation, submission fees and PoC requirements vary; verify programme page"
HackenProof,Tothemoon Web,live,50000,check,https://hackenproof.com/programs/tothemoon-web,,,,check_program_rules,"3,599",,,"Reputation, submission fees and PoC requirements vary; verify programme page"
HackenProof,Cronos zkEVM Smart Contracts,live,200000,check,https://hackenproof.com/programs/cronos-zkevm-smart-contracts,,,,check_program_rules,550,,,"Reputation, submission fees and PoC requirements vary; verify programme page"
HackenProof,Asphere Web,live,10000,check,https://hackenproof.com/programs/asphere-web,,,,check_program_rules,Private,,,"Reputation, submission fees and PoC requirements vary; verify programme page"
HackenProof,Treehouse Smart Contracts,live,50000,check,https://hackenproof.com/programs/treehouse-smart-contracts,,,,check_program_rules,Private,,,"Reputation, submission fees and PoC requirements vary; verify programme page"
HackenProof,Treehouse Web,live,10000,check,https://hackenproof.com/programs/treehouse-web,,,,check_program_rules,Private,,,"Reputation, submission fees and PoC requirements vary; verify programme page"
HackenProof,Account Abstraction Bugs,live,250000,check,https://hackenproof.com/programs/account-abstraction-bugs,,,,check_program_rules,"73,000",,,"Reputation, submission fees and PoC requirements vary; verify programme page"
HackenProof,Layer3 Smart Contracts,live,500000,check,https://hackenproof.com/programs/layer3-smart-contracts,,,,check_program_rules,"6,000",,,"Reputation, submission fees and PoC requirements vary; verify programme page"
HackenProof,Backpack Web & API,live,100000,check,https://hackenproof.com/programs/backpack-web-and-api,,,,check_program_rules,Private,,,"Reputation, submission fees and PoC requirements vary; verify programme page"
HackenProof,Biconomy Web & Mobile,live,500,check,https://hackenproof.com/programs/biconomy-web-and-mobile,,,,check_program_rules,"3,420",,,"Reputation, submission fees and PoC requirements vary; verify programme page"
HackenProof,Internet Computer Protocol (ICP),live,50000,check,https://hackenproof.com/programs/internet-computer-protocol-icp,,,,check_program_rules,"149,250",,,"Reputation, submission fees and PoC requirements vary; verify programme page"
HackenProof,Bluefin Web,live,5000,check,https://hackenproof.com/programs/bluefin-web,,,,check_program_rules,"3,000",,,"Reputation, submission fees and PoC requirements vary; verify programme page"
HackenProof,Aptos Network,live,100000,check,https://hackenproof.com/programs/aptos-network,,,,check_program_rules,"1,998,500",,,"Reputation, submission fees and PoC requirements vary; verify programme page"
HackenProof,Unitus V2 Smart Contracts,live,50000,check,https://hackenproof.com/programs/unitus-v2-smart-contracts,,,,check_program_rules,0,,,"Reputation, submission fees and PoC requirements vary; verify programme page"
HackenProof,DeXe Protocol Smart Contracts,live,500000,check,https://hackenproof.com/programs/dexe-protocol-smart-contracts,,,,check_program_rules,0,,,"Reputation, submission fees and PoC requirements vary; verify programme page"
HackenProof,Superposition Finance Web,live,20000,check,https://hackenproof.com/programs/superposition-finance-web,,,,check_program_rules,100,,,"Reputation, submission fees and PoC requirements vary; verify programme page"
HackenProof,Cronos Web,live,2500,check,https://hackenproof.com/programs/cronos-web,,,,check_program_rules,"9,538",,,"Reputation, submission fees and PoC requirements vary; verify programme page"
HackenProof,Cronos Blockchain Protocols,live,100000,check,https://hackenproof.com/programs/cronos-blockchain-protocols,,,,check_program_rules,"118,980",,,"Reputation, submission fees and PoC requirements vary; verify programme page"
HackenProof,Cronos Smart Contracts,live,250000,check,https://hackenproof.com/programs/cronos-smart-contracts,,,,check_program_rules,150,,,"Reputation, submission fees and PoC requirements vary; verify programme page"
HackenProof,Zest Protocol Smart Contracts,live,100000,check,https://hackenproof.com/programs/zest-protocol-smart-contracts,,,,check_program_rules,Private,,,"Reputation, submission fees and PoC requirements vary; verify programme page"
HackenProof,Poloniex Web & API,live,5000,check,https://hackenproof.com/programs/poloniex-web-and-api,,,,check_program_rules,"6,950",,,"Reputation, submission fees and PoC requirements vary; verify programme page"
HackenProof,Slush Wallet,live,30000,check,https://hackenproof.com/programs/slush-wallet,,,,check_program_rules,"76,000",,,"Reputation, submission fees and PoC requirements vary; verify programme page"
HackenProof,BloFin Web & Mobile,live,4000,check,https://hackenproof.com/programs/blofin-web-and-mobile,,,,check_program_rules,"10,450",,,"Reputation, submission fees and PoC requirements vary; verify programme page"
HackenProof,1inch Smart Contract,live,500000,check,https://hackenproof.com/programs/1inch-smart-contract,,,,check_program_rules,"14,000",,,"Reputation, submission fees and PoC requirements vary; verify programme page"
HackenProof,Pionex App & API,live,10000,check,https://hackenproof.com/programs/pionex-app-and-api,,,,check_program_rules,"12,350",,,"Reputation, submission fees and PoC requirements vary; verify programme page"
HackenProof,CoinW Web & Mobile,live,2000,check,https://hackenproof.com/programs/coinw-web-and-mobile,,,,check_program_rules,"147,300",,,"Reputation, submission fees and PoC requirements vary; verify programme page"
HackenProof,PointPay Web & Mobile,live,500,check,https://hackenproof.com/programs/pointpay-web-and-mobile,,,,check_program_rules,100,,,"Reputation, submission fees and PoC requirements vary; verify programme page"
HackenProof,Sui Protocol,live,250000,check,https://hackenproof.com/programs/sui-protocol,,,,check_program_rules,"2,472,250",,,"Reputation, submission fees and PoC requirements vary; verify programme page"
HackenProof,Trustee Plus Web & Mobile,live,3000,check,https://hackenproof.com/programs/trustee-plus-web-and-mobile,,,,check_program_rules,"5,800",,,"Reputation, submission fees and PoC requirements vary; verify programme page"
HackenProof,Toobit Web & Mobile,live,10000,check,https://hackenproof.com/programs/toobit-web-and-mobile,,,,check_program_rules,"4,300",,,"Reputation, submission fees and PoC requirements vary; verify programme page"
HackenProof,BitDelta,live,1000000,check,https://hackenproof.com/programs/bitdelta,,,,check_program_rules,"1,307",,,"Reputation, submission fees and PoC requirements vary; verify programme page"
HackenProof,Bitrue,live,1500,check,https://hackenproof.com/programs/bitrue,,,,check_program_rules,"9,550",,,"Reputation, submission fees and PoC requirements vary; verify programme page"
HackenProof,NEAR Foundation Web (Low),live,2500,check,https://hackenproof.com/programs/near-foundation-web-low,,,,check_program_rules,700,,,"Reputation, submission fees and PoC requirements vary; verify programme page"
HackenProof,Enkrypt Wallet,live,3000,check,https://hackenproof.com/programs/enkrypt-wallet,,,,check_program_rules,"1,500",,,"Reputation, submission fees and PoC requirements vary; verify programme page"
HackenProof,MyEtherWallet,live,3000,check,https://hackenproof.com/programs/myetherwallet,,,,check_program_rules,"10,900",,,"Reputation, submission fees and PoC requirements vary; verify programme page"
HackenProof,EVAA Web,live,3000,check,https://hackenproof.com/programs/evaa-web,,,,check_program_rules,0,,,"Reputation, submission fees and PoC requirements vary; verify programme page"
HackenProof,Dexalot Web & Mobile,live,2000,check,https://hackenproof.com/programs/dexalot-web-and-mobile,,,,check_program_rules,600,,,"Reputation, submission fees and PoC requirements vary; verify programme page"
HackenProof,NEAR Web,live,50000,check,https://hackenproof.com/programs/near-web,,,,check_program_rules,"302,980",,,"Reputation, submission fees and PoC requirements vary; verify programme page"
HackenProof,WhiteMarket Web,live,5000,check,https://hackenproof.com/programs/whitemarket-web,,,,check_program_rules,"2,600",,,"Reputation, submission fees and PoC requirements vary; verify programme page"
HackenProof,WhiteBIT Blog,live,1500,check,https://hackenproof.com/programs/whitebit-blog,,,,check_program_rules,"1,150",,,"Reputation, submission fees and PoC requirements vary; verify programme page"
HackenProof,XT,live,4000,check,https://hackenproof.com/programs/xt,,,,check_program_rules,"18,400",,,"Reputation, submission fees and PoC requirements vary; verify programme page"
HackenProof,Aurora Web,live,100000,check,https://hackenproof.com/programs/aurora-web,,,,check_program_rules,"7,700",,,"Reputation, submission fees and PoC requirements vary; verify programme page"
HackenProof,Aurora Smart Contract,live,300000,check,https://hackenproof.com/programs/aurora-smart-contract,,,,check_program_rules,"14,500",,,"Reputation, submission fees and PoC requirements vary; verify programme page"
HackenProof,DODOFeeRouteProxy Smart Contract,live,10000,check,https://hackenproof.com/programs/dodofeerouteproxy-smart-contract,,,,check_program_rules,0,,,"Reputation, submission fees and PoC requirements vary; verify programme page"
HackenProof,DODOLimitOrder Smart Contract,live,10000,check,https://hackenproof.com/programs/dodolimitorder-smart-contract,,,,check_program_rules,0,,,"Reputation, submission fees and PoC requirements vary; verify programme page"
HackenProof,UACatsDivision Web,live,0,check,https://hackenproof.com/programs/uacatsdivision-web,,,,check_program_rules,0,,,"Reputation, submission fees and PoC requirements vary; verify programme page"
HackenProof,UACatsDivision Smart Contracts,live,0,check,https://hackenproof.com/programs/uacatsdivision-smart-contracts,,,,check_program_rules,0,,,"Reputation, submission fees and PoC requirements vary; verify programme page"
HackenProof,Chainstack,live,2000,check,https://hackenproof.com/programs/chainstack,,,,check_program_rules,"12,800",,,"Reputation, submission fees and PoC requirements vary; verify programme page"
HackenProof,Tickets Travel Network / Updated UI,live,2000,check,https://hackenproof.com/programs/tickets-travel-network-slash-updated-ui,,,,check_program_rules,"28,500",,,"Reputation, submission fees and PoC requirements vary; verify programme page"
HackenProof,NEAR Smart Contracts,live,300000,check,https://hackenproof.com/programs/near-smart-contracts-1,,,,check_program_rules,"100,200",,,"Reputation, submission fees and PoC requirements vary; verify programme page"
HackenProof,Coin98,live,10000,check,https://hackenproof.com/programs/coin98,,,,check_program_rules,"17,485",,,"Reputation, submission fees and PoC requirements vary; verify programme page"
HackenProof,NEAR Protocol,live,1000000,check,https://hackenproof.com/programs/near-protocol,,,,check_program_rules,"3,397,350",,,"Reputation, submission fees and PoC requirements vary; verify programme page"
HackenProof,ShapeShift,live,10000,check,https://hackenproof.com/programs/shapeshift,,,,check_program_rules,"26,900",,,"Reputation, submission fees and PoC requirements vary; verify programme page"
HackenProof,BigONE Global Exchange,live,1500,check,https://hackenproof.com/programs/bigone-global-exchange,,,,check_program_rules,"6,775",,,"Reputation, submission fees and PoC requirements vary; verify programme page"
HackenProof,BingX Exchange,live,4000,check,https://hackenproof.com/programs/bingx-exchange,,,,check_program_rules,"23,762",,,"Reputation, submission fees and PoC requirements vary; verify programme page"
HackenProof,OKX,live,1000000,check,https://hackenproof.com/programs/okx,,,,check_program_rules,"98,990",,,"Reputation, submission fees and PoC requirements vary; verify programme page"
HackenProof,Bitkub,live,3000,check,https://hackenproof.com/programs/bitkub,,,,check_program_rules,"19,995",,,"Reputation, submission fees and PoC requirements vary; verify programme page"
HackenProof,BTSE Bug Bounty Program,live,3000,check,https://hackenproof.com/programs/btse-bug-bounty-program,,,,check_program_rules,"8,000",,,"Reputation, submission fees and PoC requirements vary; verify programme page"
HackenProof,LCX,live,3000,check,https://hackenproof.com/programs/lcx,,,,check_program_rules,"9,550",,,"Reputation, submission fees and PoC requirements vary; verify programme page"
HackenProof,Gate,live,5000,check,https://hackenproof.com/programs/gate,,,,check_program_rules,"26,705",,,"Reputation, submission fees and PoC requirements vary; verify programme page"
HackenProof,P2B Exchange,live,1000,check,https://hackenproof.com/programs/p2b-exchange,,,,check_program_rules,"2,550",,,"Reputation, submission fees and PoC requirements vary; verify programme page"
HackenProof,CoinGecko,live,1500,check,https://hackenproof.com/programs/coingecko,,,,check_program_rules,"8,230",,,"Reputation, submission fees and PoC requirements vary; verify programme page"
HackenProof,WhiteBIT,live,10000,check,https://hackenproof.com/programs/whitebit,,,,check_program_rules,"38,401",,,"Reputation, submission fees and PoC requirements vary; verify programme page"
HackenProof,HackenProof,live,1500,check,https://hackenproof.com/programs/hackenproof,,,,check_program_rules,"56,065",,,"Reputation, submission fees and PoC requirements vary; verify programme page"
HackenProof,VeChainThor,live,35000,check,https://hackenproof.com/programs/vechainthor,,,,check_program_rules,"39,957",,,"Reputation, submission fees and PoC requirements vary; verify programme page"
HackenProof,Bullbit QA Testing,paused,50,check,https://hackenproof.com/programs/bullbit-qa-testing,,,,check_program_rules,0,,,"Reputation, submission fees and PoC requirements vary; verify programme page"
HackenProof,Zeko Protocol,paused,3000,check,https://hackenproof.com/programs/zeko-protocol,,,,check_program_rules,"7,700",,,"Reputation, submission fees and PoC requirements vary; verify programme page"
HackenProof,SuperEarn Web & Smart Contracts,paused,30000,check,https://hackenproof.com/programs/superearn-web-and-smart-contracts,,,,check_program_rules,"2,800",,,"Reputation, submission fees and PoC requirements vary; verify programme page"
HackenProof,Meest Poshta Mobile,paused,1000,check,https://hackenproof.com/programs/meest-poshta-mobile,,,,check_program_rules,"4,400",,,"Reputation, submission fees and PoC requirements vary; verify programme page"
HackenProof,Solv Web & Infrastructure,paused,20000,check,https://hackenproof.com/programs/solv-web-and-infrastructure,,,,check_program_rules,"16,000",,,"Reputation, submission fees and PoC requirements vary; verify programme page"
HackenProof,ZO Finance Web,paused,10000,check,https://hackenproof.com/programs/zo-finance-web,,,,check_program_rules,0,,,"Reputation, submission fees and PoC requirements vary; verify programme page"
HackenProof,ZO Finance Smart Contracts,paused,10000,check,https://hackenproof.com/programs/zo-finance-smart-contracts,,,,check_program_rules,"2,400",,,"Reputation, submission fees and PoC requirements vary; verify programme page"
HackenProof,Calyx Smart Contract,paused,100000,check,https://hackenproof.com/programs/calyx-smart-contract,,,,check_program_rules,"9,500",,,"Reputation, submission fees and PoC requirements vary; verify programme page"
HackenProof,Flow Wallet,paused,25000,check,https://hackenproof.com/programs/flow-wallet,,,,check_program_rules,"54,600",,,"Reputation, submission fees and PoC requirements vary; verify programme page"
HackenProof,ZetaChain Smart Contracts,paused,100000,check,https://hackenproof.com/programs/zetachain-smart-contracts,,,,check_program_rules,"6,100",,,"Reputation, submission fees and PoC requirements vary; verify programme page"
HackenProof,ZetaChain Blockchain Software,paused,100000,check,https://hackenproof.com/programs/zetachain-blockchain-software,,,,check_program_rules,"37,500",,,"Reputation, submission fees and PoC requirements vary; verify programme page"
HackenProof,GroveX Web & Mobile,paused,1500,check,https://hackenproof.com/programs/grovex-web-and-mobile,,,,check_program_rules,350,,,"Reputation, submission fees and PoC requirements vary; verify programme page"
HackenProof,Bitmart Post-Incident Forensics Bounty Hunt,paused,58000000,check,https://hackenproof.com/programs/bitmart-post-incident-forensics-bounty-hunt,,,,check_program_rules,0,,,"Reputation, submission fees and PoC requirements vary; verify programme page"
HackenProof,Walrus Protocol,paused,100000,check,https://hackenproof.com/programs/walrus-protocol,,,,check_program_rules,"25,500",,,"Reputation, submission fees and PoC requirements vary; verify programme page"
HackenProof,SG Forge Smart Contracts,paused,10000,check,https://hackenproof.com/programs/sg-forge-smart-contracts,,,,check_program_rules,0,,,"Reputation, submission fees and PoC requirements vary; verify programme page"
HackenProof,Cube Exchange Web,paused,10000,check,https://hackenproof.com/programs/cube-exchange-web,,,,check_program_rules,"10,600",,,"Reputation, submission fees and PoC requirements vary; verify programme page"
HackenProof,Polkadot Bridge,paused,100000,check,https://hackenproof.com/programs/polkadot-bridge,,,,check_program_rules,0,,,"Reputation, submission fees and PoC requirements vary; verify programme page"
HackenProof,RISC Zero Blockchain Verifiers,paused,50000,check,https://hackenproof.com/programs/risc-zero-blockchain-verifiers,,,,check_program_rules,"12,000",,,"Reputation, submission fees and PoC requirements vary; verify programme page"
HackenProof,Hacken Web & Apps,paused,2000,check,https://hackenproof.com/programs/hacken-web-and-apps,,,,check_program_rules,"7,950",,,"Reputation, submission fees and PoC requirements vary; verify programme page"
HackenProof,Inheriti® App,paused,2500,check,https://hackenproof.com/programs/inheriti-r-app,,,,check_program_rules,"2,200",,,"Reputation, submission fees and PoC requirements vary; verify programme page"
HackenProof,SafeSwap App,paused,2000,check,https://hackenproof.com/programs/safeswap-app,,,,check_program_rules,150,,,"Reputation, submission fees and PoC requirements vary; verify programme page"
HackenProof,LiNEAR Protocol,paused,5000,check,https://hackenproof.com/programs/linear-protocol,,,,check_program_rules,100,,,"Reputation, submission fees and PoC requirements vary; verify programme page"
HackenProof,CoinEx Web & Mobile,paused,10000,check,https://hackenproof.com/programs/coinex-web-and-mobile,,,,check_program_rules,"12,400",,,"Reputation, submission fees and PoC requirements vary; verify programme page"
HackenProof,RISC Zero zkVM,paused,150000,check,https://hackenproof.com/programs/risc-zero-zkvm,,,,check_program_rules,"68,250",,,"Reputation, submission fees and PoC requirements vary; verify programme page"
HackenProof,Deepcoin Web & Mobile,paused,5000,check,https://hackenproof.com/programs/deepcoin-web-and-mobile,,,,check_program_rules,"7,350",,,"Reputation, submission fees and PoC requirements vary; verify programme page"
HackenProof,Bitexen Smart Contracts,paused,3000,check,https://hackenproof.com/programs/bitexen-smart-contracts,,,,check_program_rules,0,,,"Reputation, submission fees and PoC requirements vary; verify programme page"
HackenProof,Bitexen Web & App,paused,3000,check,https://hackenproof.com/programs/bitexen-web-and-app,,,,check_program_rules,900,,,"Reputation, submission fees and PoC requirements vary; verify programme page"
HackenProof,"LetsExchange Web & API & Widget: Swap, Bridge, DEX",paused,2000,check,https://hackenproof.com/programs/letsexchange-web-and-api-and-widget-swap-bridge-dex,,,,check_program_rules,"2,100",,,"Reputation, submission fees and PoC requirements vary; verify programme page"
HackenProof,EVAA Smart Contracts,paused,5000,check,https://hackenproof.com/programs/evaa-smart-contracts,,,,check_program_rules,0,,,"Reputation, submission fees and PoC requirements vary; verify programme page"
HackenProof,DeltaPrime Smart Contracts,paused,20000,check,https://hackenproof.com/programs/deltaprime-smart-contracts,,,,check_program_rules,"104,500",,,"Reputation, submission fees and PoC requirements vary; verify programme page"
HackenProof,Status,paused,5000,check,https://hackenproof.com/programs/status,,,,check_program_rules,"10,250",,,"Reputation, submission fees and PoC requirements vary; verify programme page"
HackenProof,Allbridge,paused,4000,check,https://hackenproof.com/programs/allbridge,,,,check_program_rules,"1,700",,,"Reputation, submission fees and PoC requirements vary; verify programme page"
HackenProof,Logos,paused,5000,check,https://hackenproof.com/programs/logos,,,,check_program_rules,"2,600",,,"Reputation, submission fees and PoC requirements vary; verify programme page"
HackenProof,BitMart Exchange,paused,5000,check,https://hackenproof.com/programs/bitmart-exchange,,,,check_program_rules,"14,010",,,"Reputation, submission fees and PoC requirements vary; verify programme page"
HackenProof,Coinstore,paused,10000,check,https://hackenproof.com/programs/coinstore,,,,check_program_rules,"4,750",,,"Reputation, submission fees and PoC requirements vary; verify programme page"
HackenProof,Lendvest Smart Contracts,finished,30000,check,https://hackenproof.com/programs/lendvest-smart-contracts,,,,check_program_rules,"13,225",,,"Reputation, submission fees and PoC requirements vary; verify programme page"
HackenProof,The Flipcash Reserve Contract Bug Bounty,finished,250000,check,https://hackenproof.com/programs/the-flipcash-reserve-contract-bug-bounty,,,,check_program_rules,0,,,"Reputation, submission fees and PoC requirements vary; verify programme page"
HackenProof,AlphaSec Web & Smart Contracts,finished,10000,check,https://hackenproof.com/programs/alphasec-web-and-smart-contracts,,,,check_program_rules,"25,600",,,"Reputation, submission fees and PoC requirements vary; verify programme page"
HackenProof,Mybucks.online Wallet Cracking Challenge,finished,1100,check,https://hackenproof.com/programs/mybucks-dot-online-wallet-cracking-challenge,,,,check_program_rules,0,,,"Reputation, submission fees and PoC requirements vary; verify programme page"
HackenProof,ZetaChain Web Apps,finished,500,check,https://hackenproof.com/programs/zetachain-web-apps,,,,check_program_rules,"6,700",,,"Reputation, submission fees and PoC requirements vary; verify programme page"
HackenProof,Kaia Web,finished,10000,check,https://hackenproof.com/programs/kaia-web,,,,check_program_rules,"4,800",,,"Reputation, submission fees and PoC requirements vary; verify programme page"
HackenProof,DoubleUp Smart Contracts,finished,50000,check,https://hackenproof.com/programs/doubleup-smart-contracts,,,,check_program_rules,0,,,"Reputation, submission fees and PoC requirements vary; verify programme page"
HackenProof,DoubleUp Web,finished,10000,check,https://hackenproof.com/programs/doubleup-web,,,,check_program_rules,"3,250",,,"Reputation, submission fees and PoC requirements vary; verify programme page"
HackenProof,DeepFi Games,finished,3000,check,https://hackenproof.com/programs/deepfi-games,,,,check_program_rules,"1,450",,,"Reputation, submission fees and PoC requirements vary; verify programme page"
HackenProof,DeepFi Trade,finished,3000,check,https://hackenproof.com/programs/deepfi-trade,,,,check_program_rules,0,,,"Reputation, submission fees and PoC requirements vary; verify programme page"
HackenProof,Snowbridge Web,finished,15000,check,https://hackenproof.com/programs/snowbridge-web,,,,check_program_rules,"2,600",,,"Reputation, submission fees and PoC requirements vary; verify programme page"
HackenProof,Rtree Finance Web,finished,5000,check,https://hackenproof.com/programs/rtree-finance-web,,,,check_program_rules,"2,430",,,"Reputation, submission fees and PoC requirements vary; verify programme page"
HackenProof,Kai Finance Yield Protocol,finished,100000,check,https://hackenproof.com/programs/kai-finance-yield-protocol,,,,check_program_rules,0,,,"Reputation, submission fees and PoC requirements vary; verify programme page"
HackenProof,BtcTurk Hack Recovery Program,finished,2400000,check,https://hackenproof.com/programs/btcturk-hack-recovery-program,,,,check_program_rules,0,,,"Reputation, submission fees and PoC requirements vary; verify programme page"
HackenProof,Bag Labs Web,finished,10000,check,https://hackenproof.com/programs/bag-labs-web,,,,check_program_rules,0,,,"Reputation, submission fees and PoC requirements vary; verify programme page"
HackenProof,CoinDCX Recovery Bounty Program,finished,11000000,check,https://hackenproof.com/programs/coindcx-recovery-bounty-program,,,,check_program_rules,0,,,"Reputation, submission fees and PoC requirements vary; verify programme page"
HackenProof,Aptos Function Values,finished,1000000,check,https://hackenproof.com/programs/aptos-function-values,,,,check_program_rules,0,,,"Reputation, submission fees and PoC requirements vary; verify programme page"
HackenProof,BigONE Hack Bounty Program,finished,8100000,check,https://hackenproof.com/programs/bigone-hack-bounty-program,,,,check_program_rules,200,,,"Reputation, submission fees and PoC requirements vary; verify programme page"
HackenProof,Arcadia Finance Hack Recovery Program,finished,360000,check,https://hackenproof.com/programs/arcadia-finance-hack-recovery-program,,,,check_program_rules,0,,,"Reputation, submission fees and PoC requirements vary; verify programme page"
HackenProof,NoOnes Web & Mobile,finished,5000,check,https://hackenproof.com/programs/noones-web-and-mobile,,,,check_program_rules,"3,350",,,"Reputation, submission fees and PoC requirements vary; verify programme page"
HackenProof,NOYA.ai Smart Contracts,finished,50000,check,https://hackenproof.com/programs/noya-dot-ai-smart-contracts,,,,check_program_rules,0,,,"Reputation, submission fees and PoC requirements vary; verify programme page"
HackenProof,FMCPAY Web & Mobile,finished,5000,check,https://hackenproof.com/programs/fmcpay-web-and-mobile,,,,check_program_rules,"2,600",,,"Reputation, submission fees and PoC requirements vary; verify programme page"
HackenProof,CoinMetro Exchange,finished,3000,check,https://hackenproof.com/programs/coinmetro-exchange,,,,check_program_rules,"15,550",,,"Reputation, submission fees and PoC requirements vary; verify programme page"
HackenProof,DeTEE Hackers Challenge,finished,14380,check,https://hackenproof.com/programs/detee-hackers-challenge,,,,check_program_rules,0,,,"Reputation, submission fees and PoC requirements vary; verify programme page"
HackenProof,AscendEX Web & Mobile,finished,500,check,https://hackenproof.com/programs/ascendex-web-and-mobile,,,,check_program_rules,"2,450",,,"Reputation, submission fees and PoC requirements vary; verify programme page"
HackenProof,emojicoin.fun frontend,finished,2000,check,https://hackenproof.com/programs/emojicoin-dot-fun-frontend,,,,check_program_rules,"2,000",,,"Reputation, submission fees and PoC requirements vary; verify programme page"
HackenProof,Gear Protocol,finished,25000,check,https://hackenproof.com/programs/gear-protocol,,,,check_program_rules,"2,000",,,"Reputation, submission fees and PoC requirements vary; verify programme page"
HackenProof,DEXX Web & Mobile,finished,10000,check,https://hackenproof.com/programs/dexx-web-and-mobile,,,,check_program_rules,780,,,"Reputation, submission fees and PoC requirements vary; verify programme page"
HackenProof,Swap.io Smart Contracts,finished,5000,check,https://hackenproof.com/programs/swap-dot-io-smart-contracts,,,,check_program_rules,"2,700",,,"Reputation, submission fees and PoC requirements vary; verify programme page"
HackenProof,InceptionLRT Smart Contracts,finished,50000,check,https://hackenproof.com/programs/inceptionlrt-smart-contracts,,,,check_program_rules,600,,,"Reputation, submission fees and PoC requirements vary; verify programme page"
HackenProof,Alfred Telegram Trading Bot,finished,10000,check,https://hackenproof.com/programs/alfred-telegram-trading-bot,,,,check_program_rules,0,,,"Reputation, submission fees and PoC requirements vary; verify programme page"
HackenProof,Cryptology,finished,50000,check,https://hackenproof.com/programs/cryptology,,,,check_program_rules,"6,575",,,"Reputation, submission fees and PoC requirements vary; verify programme page"
HackenProof,Camino Network Protocol,finished,50000,check,https://hackenproof.com/programs/camino-network-protocol,,,,check_program_rules,380,,,"Reputation, submission fees and PoC requirements vary; verify programme page"
HackenProof,0G Labs Smart Contracts,finished,32000,check,https://hackenproof.com/programs/0g-labs-smart-contracts,,,,check_program_rules,"3,200",,,"Reputation, submission fees and PoC requirements vary; verify programme page"
HackenProof,DOP Protocol,finished,300000,check,https://hackenproof.com/programs/dop-protocol,,,,check_program_rules,Private,,,"Reputation, submission fees and PoC requirements vary; verify programme page"
HackenProof,Dione Protocol,finished,20000,check,https://hackenproof.com/programs/dione-protocol,,,,check_program_rules,"4,500",,,"Reputation, submission fees and PoC requirements vary; verify programme page"
HackenProof,INIT Capital Smart Contracts,finished,100000,check,https://hackenproof.com/programs/init-capital-smart-contracts,,,,check_program_rules,0,,,"Reputation, submission fees and PoC requirements vary; verify programme page"
HackenProof,INIT Capital Web,finished,10000,check,https://hackenproof.com/programs/init-capital-web,,,,check_program_rules,0,,,"Reputation, submission fees and PoC requirements vary; verify programme page"
HackenProof,Payhub Web,finished,2000,check,https://hackenproof.com/programs/payhub-web,,,,check_program_rules,450,,,"Reputation, submission fees and PoC requirements vary; verify programme page"
HackenProof,Pumb Tacsk,finished,2000,check,https://hackenproof.com/programs/pumb-tacsk,,,,check_program_rules,300,,,"Reputation, submission fees and PoC requirements vary; verify programme page"
HackenProof,Goby Wallet,finished,10000,check,https://hackenproof.com/programs/goby-wallet,,,,check_program_rules,Private,,,"Reputation, submission fees and PoC requirements vary; verify programme page"
HackenProof,TON,finished,5000,check,https://hackenproof.com/programs/ton,,,,check_program_rules,"2,400",,,"Reputation, submission fees and PoC requirements vary; verify programme page"
HackenProof,Telegram Apps Center,finished,1500,check,https://hackenproof.com/programs/telegram-apps-center,,,,check_program_rules,"10,150",,,"Reputation, submission fees and PoC requirements vary; verify programme page"
HackenProof,KuCoin,finished,1000000,check,https://hackenproof.com/programs/kucoin,,,,check_program_rules,"163,050",,,"Reputation, submission fees and PoC requirements vary; verify programme page"
HackenProof,GovGen Governance dApp,finished,10000,check,https://hackenproof.com/programs/govgen-governance-dapp,,,,check_program_rules,"1,400",,,"Reputation, submission fees and PoC requirements vary; verify programme page"
HackenProof,Slex Web,finished,500,check,https://hackenproof.com/programs/slex-web,,,,check_program_rules,200,,,"Reputation, submission fees and PoC requirements vary; verify programme page"
HackenProof,Hack to the Future 2024 | ICP.Hub AE Hackathon,finished,0,check,https://hackenproof.com/programs/hack-to-the-future-2024-icp-dot-hub-ae-hackathon,,,,check_program_rules,0,,,"Reputation, submission fees and PoC requirements vary; verify programme page"
HackenProof,AssetMantle,finished,1000,check,https://hackenproof.com/programs/assetmantle,,,,check_program_rules,0,,,"Reputation, submission fees and PoC requirements vary; verify programme page"
HackenProof,MetaMask Validator Staking Smart Contracts,finished,700000,check,https://hackenproof.com/programs/metamask-validator-staking-smart-contracts,,,,check_program_rules,0,,,"Reputation, submission fees and PoC requirements vary; verify programme page"
HackenProof,Smilee Smart Contracts,finished,75000,check,https://hackenproof.com/programs/smilee-smart-contracts,,,,check_program_rules,0,,,"Reputation, submission fees and PoC requirements vary; verify programme page"
HackenProof,Tokenize Xchange Web & Mobile,finished,5000,check,https://hackenproof.com/programs/tokenize-xchange-web-and-mobile,,,,check_program_rules,"1,850",,,"Reputation, submission fees and PoC requirements vary; verify programme page"
HackenProof,OORT Protocol,finished,30000,check,https://hackenproof.com/programs/oort-protocol,,,,check_program_rules,"26,900",,,"Reputation, submission fees and PoC requirements vary; verify programme page"
HackenProof,U2Staking Web,finished,3000,check,https://hackenproof.com/programs/u2staking-web,,,,check_program_rules,400,,,"Reputation, submission fees and PoC requirements vary; verify programme page"
HackenProof,TON Diamonds Web,finished,10000,check,https://hackenproof.com/programs/ton-diamonds-web,,,,check_program_rules,"4,100",,,"Reputation, submission fees and PoC requirements vary; verify programme page"
HackenProof,Shido Network - Protocol,finished,10000,check,https://hackenproof.com/programs/shido-network-protocol,,,,check_program_rules,0,,,"Reputation, submission fees and PoC requirements vary; verify programme page"
HackenProof,Civic Smart Contracts,finished,20000,check,https://hackenproof.com/programs/civic-smart-contracts,,,,check_program_rules,100,,,"Reputation, submission fees and PoC requirements vary; verify programme page"
HackenProof,Raiffeisen Web & Mobile,finished,2000,check,https://hackenproof.com/programs/raiffeisen-web-and-mobile,,,,check_program_rules,0,,,"Reputation, submission fees and PoC requirements vary; verify programme page"
HackenProof,AlphaX Exchange,finished,5000,check,https://hackenproof.com/programs/alphax-exchange,,,,check_program_rules,"1,200",,,"Reputation, submission fees and PoC requirements vary; verify programme page"
HackenProof,Impermax Finance Smart Contracts,finished,100000,check,https://hackenproof.com/programs/impermax-finance-smart-contracts,,,,check_program_rules,0,,,"Reputation, submission fees and PoC requirements vary; verify programme page"
HackenProof,FitBurn Web & Mobile,finished,10000,check,https://hackenproof.com/programs/fitburn-web-and-mobile,,,,check_program_rules,"1,350",,,"Reputation, submission fees and PoC requirements vary; verify programme page"
HackenProof,Horizon Protocol Smart Contracts,finished,60000,check,https://hackenproof.com/programs/horizon-protocol-smart-contracts,,,,check_program_rules,0,,,"Reputation, submission fees and PoC requirements vary; verify programme page"
HackenProof,KINZA Smart Contracts,finished,50000,check,https://hackenproof.com/programs/kinza-smart-contracts,,,,check_program_rules,0,,,"Reputation, submission fees and PoC requirements vary; verify programme page"
HackenProof,Pallets,finished,100000,check,https://hackenproof.com/programs/pallets,,,,check_program_rules,"2,500",,,"Reputation, submission fees and PoC requirements vary; verify programme page"
HackenProof,Ternoa Enclaves,finished,100000,check,https://hackenproof.com/programs/ternoa-enclaves,,,,check_program_rules,0,,,"Reputation, submission fees and PoC requirements vary; verify programme page"
HackenProof,SmarDex Smart Contracts,finished,500000,check,https://hackenproof.com/programs/smardex-smart-contracts,,,,check_program_rules,0,,,"Reputation, submission fees and PoC requirements vary; verify programme page"
HackenProof,Humanode Competitive Developer Initiative Program,finished,0,check,https://hackenproof.com/programs/humanode-competitive-developer-initiative-program,,,,check_program_rules,0,,,"Reputation, submission fees and PoC requirements vary; verify programme page"
HackenProof,Serenity Shield Testnet Campain,finished,0,check,https://hackenproof.com/programs/serenity-shield-testnet-campain,,,,check_program_rules,0,,,"Reputation, submission fees and PoC requirements vary; verify programme page"
HackenProof,BitStorage Web & API,finished,3000,check,https://hackenproof.com/programs/bitstorage-web-and-api,,,,check_program_rules,412,,,"Reputation, submission fees and PoC requirements vary; verify programme page"
HackenProof,Swisstronik Blockchain Stability,finished,500,check,https://hackenproof.com/programs/swisstronik-blockchain-stability,,,,check_program_rules,50,,,"Reputation, submission fees and PoC requirements vary; verify programme page"
HackenProof,Swisstronik Core,finished,4000,check,https://hackenproof.com/programs/swisstronik-core,,,,check_program_rules,0,,,"Reputation, submission fees and PoC requirements vary; verify programme page"
HackenProof,NXT Permission Smart Contract,finished,10000,check,https://hackenproof.com/programs/nxt-permission-smart-contract,,,,check_program_rules,0,,,"Reputation, submission fees and PoC requirements vary; verify programme page"
HackenProof,Fastex Web,finished,2000,check,https://hackenproof.com/programs/fastex-web,,,,check_program_rules,"1,150",,,"Reputation, submission fees and PoC requirements vary; verify programme page"
HackenProof,Linen API & Mobile,finished,10000,check,https://hackenproof.com/programs/linen-api-and-mobile,,,,check_program_rules,750,,,"Reputation, submission fees and PoC requirements vary; verify programme page"
HackenProof,Whitechain Network,finished,10000,check,https://hackenproof.com/programs/whitechain-network,,,,check_program_rules,"9,000",,,"Reputation, submission fees and PoC requirements vary; verify programme page"
HackenProof,Filmio Web & API,finished,2500,check,https://hackenproof.com/programs/filmio-web-and-api,,,,check_program_rules,"10,850",,,"Reputation, submission fees and PoC requirements vary; verify programme page"
HackenProof,Filmio Smart Contracts,finished,2500,check,https://hackenproof.com/programs/filmio-smart-contracts,,,,check_program_rules,500,,,"Reputation, submission fees and PoC requirements vary; verify programme page"
HackenProof,ENVELOP Smart Contracts,finished,3000,check,https://hackenproof.com/programs/envelop-smart-contracts,,,,check_program_rules,0,,,"Reputation, submission fees and PoC requirements vary; verify programme page"
HackenProof,Bittrex,finished,10000,check,https://hackenproof.com/programs/bittrex,,,,check_program_rules,"8,650",,,"Reputation, submission fees and PoC requirements vary; verify programme page"
HackenProof,CITEX Web & API,finished,1000,check,https://hackenproof.com/programs/citex-web-and-api,,,,check_program_rules,500,,,"Reputation, submission fees and PoC requirements vary; verify programme page"
HackenProof,Local Traders Smart Contracts,finished,20000,check,https://hackenproof.com/programs/local-traders-smart-contracts,,,,check_program_rules,0,,,"Reputation, submission fees and PoC requirements vary; verify programme page"
HackenProof,Latoken Exchange,finished,1500,check,https://hackenproof.com/programs/latoken-exchange,,,,check_program_rules,"39,630",,,"Reputation, submission fees and PoC requirements vary; verify programme page"
HackenProof,TETU Smart Contracts,finished,1000000,check,https://hackenproof.com/programs/tetu-smart-contracts,,,,check_program_rules,0,,,"Reputation, submission fees and PoC requirements vary; verify programme page"
HackenProof,bitcastle Web,finished,1200,check,https://hackenproof.com/programs/bitcastle-web,,,,check_program_rules,"4,000",,,"Reputation, submission fees and PoC requirements vary; verify programme page"
HackenProof,Exzo Network Web & API,finished,10000,check,https://hackenproof.com/programs/exzo-network-web-and-api,,,,check_program_rules,"1,750",,,"Reputation, submission fees and PoC requirements vary; verify programme page"
HackenProof,Exzo Network Protocol,finished,100000,check,https://hackenproof.com/programs/exzo-network-protocol,,,,check_program_rules,0,,,"Reputation, submission fees and PoC requirements vary; verify programme page"
HackenProof,Exzo Network Wallet,finished,50000,check,https://hackenproof.com/programs/exzo-network-wallet,,,,check_program_rules,300,,,"Reputation, submission fees and PoC requirements vary; verify programme page"
HackenProof,FitBurn Smart Contracts,finished,100000,check,https://hackenproof.com/programs/fitburn-smart-contracts,,,,check_program_rules,"1,300",,,"Reputation, submission fees and PoC requirements vary; verify programme page"
HackenProof,Asymetrix Protocol,finished,100000,check,https://hackenproof.com/programs/asymetrix-protocol,,,,check_program_rules,0,,,"Reputation, submission fees and PoC requirements vary; verify programme page"
HackenProof,Asymetrix Web,finished,10000,check,https://hackenproof.com/programs/asymetrix-web,,,,check_program_rules,0,,,"Reputation, submission fees and PoC requirements vary; verify programme page"
HackenProof,Gridex Protocol: Hacker House 2023,finished,20000,check,https://hackenproof.com/programs/gridex-protocol-hacker-house-2023,,,,check_program_rules,0,,,"Reputation, submission fees and PoC requirements vary; verify programme page"
HackenProof,DODO V3,finished,10000,check,https://hackenproof.com/programs/dodo-v3,,,,check_program_rules,500,,,"Reputation, submission fees and PoC requirements vary; verify programme page"
HackenProof,VeChainThor Wallet,finished,3000,check,https://hackenproof.com/programs/vechainthor-wallet,,,,check_program_rules,600,,,"Reputation, submission fees and PoC requirements vary; verify programme page"
HackenProof,Tidex Exchange,finished,10000,check,https://hackenproof.com/programs/tidex-exchange,,,,check_program_rules,"1,800",,,"Reputation, submission fees and PoC requirements vary; verify programme page"
HackenProof,Dexalot Smart Contracts (Archived),finished,100000,check,https://hackenproof.com/programs/dexalot-smart-contracts-archived,,,,check_program_rules,"60,500",,,"Reputation, submission fees and PoC requirements vary; verify programme page"
HackenProof,JOJO Web,finished,10000,check,https://hackenproof.com/programs/jojo-web,,,,check_program_rules,150,,,"Reputation, submission fees and PoC requirements vary; verify programme page"
HackenProof,JOJO Smart Contracts,finished,30000,check,https://hackenproof.com/programs/jojo-smart-contracts,,,,check_program_rules,300,,,"Reputation, submission fees and PoC requirements vary; verify programme page"
HackenProof,VirtuSwap DEX APP,finished,5000,check,https://hackenproof.com/programs/virtuswap-dex-app-1,,,,check_program_rules,400,,,"Reputation, submission fees and PoC requirements vary; verify programme page"
HackenProof,VirtuSwap Smart Contract,finished,10000,check,https://hackenproof.com/programs/virtuswap-smart-contract,,,,check_program_rules,"5,450",,,"Reputation, submission fees and PoC requirements vary; verify programme page"
HackenProof,Coinsbit,finished,1200,check,https://hackenproof.com/programs/coinsbit,,,,check_program_rules,"3,550",,,"Reputation, submission fees and PoC requirements vary; verify programme page"
HackenProof,Polkalokr,finished,5000,check,https://hackenproof.com/programs/polkalokr-1,,,,check_program_rules,500,,,"Reputation, submission fees and PoC requirements vary; verify programme page"
HackenProof,Bit.com,finished,2999,check,https://hackenproof.com/programs/bit-dot-com,,,,check_program_rules,"3,600",,,"Reputation, submission fees and PoC requirements vary; verify programme page"
HackenProof,Ternoa Smart Contracts,finished,100000,check,https://hackenproof.com/programs/ternoa-smart-contracts,,,,check_program_rules,"1,000",,,"Reputation, submission fees and PoC requirements vary; verify programme page"
HackenProof,Ternoa Wallet,finished,50000,check,https://hackenproof.com/programs/ternoa-wallet,,,,check_program_rules,300,,,"Reputation, submission fees and PoC requirements vary; verify programme page"
HackenProof,BKEX,finished,10000,check,https://hackenproof.com/programs/bkex,,,,check_program_rules,"4,450",,,"Reputation, submission fees and PoC requirements vary; verify programme page"
HackenProof,Avalanche Bridge,finished,100000,check,https://hackenproof.com/programs/avalanche-bridge,,,,check_program_rules,0,,,"Reputation, submission fees and PoC requirements vary; verify programme page"
HackenProof,Core,finished,10000,check,https://hackenproof.com/programs/core,,,,check_program_rules,"8,150",,,"Reputation, submission fees and PoC requirements vary; verify programme page"
HackenProof,Router Smart Contract,finished,200000,check,https://hackenproof.com/programs/router-smart-contract,,,,check_program_rules,0,,,"Reputation, submission fees and PoC requirements vary; verify programme page"
HackenProof,Router Web,finished,5000,check,https://hackenproof.com/programs/router-web,,,,check_program_rules,600,,,"Reputation, submission fees and PoC requirements vary; verify programme page"
HackenProof,LACHAIN.IO,finished,1500,check,https://hackenproof.com/programs/lachain-dot-io,,,,check_program_rules,"2,600",,,"Reputation, submission fees and PoC requirements vary; verify programme page"
HackenProof,BitForex,finished,10000,check,https://hackenproof.com/programs/bitforex,,,,check_program_rules,"17,710",,,"Reputation, submission fees and PoC requirements vary; verify programme page"
HackenProof,Pandora WEB,finished,8000,check,https://hackenproof.com/programs/pandora-web,,,,check_program_rules,0,,,"Reputation, submission fees and PoC requirements vary; verify programme page"
HackenProof,Pandora Smart Contract,finished,50000,check,https://hackenproof.com/programs/pandora-smart-contract,,,,check_program_rules,"3,000",,,"Reputation, submission fees and PoC requirements vary; verify programme page"
HackenProof,Dex-Trade,finished,3000,check,https://hackenproof.com/programs/dex-trade,,,,check_program_rules,"1,342",,,"Reputation, submission fees and PoC requirements vary; verify programme page"
HackenProof,Openware,finished,5000,check,https://hackenproof.com/programs/openware,,,,check_program_rules,"4,950",,,"Reputation, submission fees and PoC requirements vary; verify programme page"
HackenProof,EXMO,finished,3000,check,https://hackenproof.com/programs/exmo,,,,check_program_rules,"9,630",,,"Reputation, submission fees and PoC requirements vary; verify programme page"
HackenProof,HTX,finished,100000,check,https://hackenproof.com/programs/htx,,,,check_program_rules,"98,383",,,"Reputation, submission fees and PoC requirements vary; verify programme page"
HackenProof,Avalanche Websites and APIs,finished,10000,check,https://hackenproof.com/programs/avalanche-websites-and-apis,,,,check_program_rules,"22,150",,,"Reputation, submission fees and PoC requirements vary; verify programme page"
HackenProof,Avalanche Protocol,finished,100000,check,https://hackenproof.com/programs/avalanche-protocol,,,,check_program_rules,"126,100",,,"Reputation, submission fees and PoC requirements vary; verify programme page"
HackenProof,Hotbit,finished,1500,check,https://hackenproof.com/programs/hotbit,,,,check_program_rules,"13,400",,,"Reputation, submission fees and PoC requirements vary; verify programme page"
HackenProof,Kuna Crypto Exchange,finished,5000,check,https://hackenproof.com/programs/kuna-crypto-exchange,,,,check_program_rules,"15,580",,,"Reputation, submission fees and PoC requirements vary; verify programme page"
HackenProof,Dragon King,finished,1500,check,https://hackenproof.com/programs/dragon-king,,,,check_program_rules,"5,064",,,"Reputation, submission fees and PoC requirements vary; verify programme page"
HackenProof,Neverdie Web,finished,1500,check,https://hackenproof.com/programs/neverdie-web,,,,check_program_rules,"10,834",,,"Reputation, submission fees and PoC requirements vary; verify programme page"
HackenProof,Neverdie Smart Contract,finished,3000,check,https://hackenproof.com/programs/neverdie-smart-contract,,,,check_program_rules,0,,,"Reputation, submission fees and PoC requirements vary; verify programme page"
HackenProof,TTC | Protocol,finished,5000,check,https://hackenproof.com/programs/ttc-protocol,,,,check_program_rules,"2,183",,,"Reputation, submission fees and PoC requirements vary; verify programme page"
HackenProof,TTC | SDK,finished,5000,check,https://hackenproof.com/programs/ttc-sdk,,,,check_program_rules,0,,,"Reputation, submission fees and PoC requirements vary; verify programme page"
HackenProof,Crypviser Secure Messenger,finished,3000,check,https://hackenproof.com/programs/crypviser-secure-messenger,,,,check_program_rules,0,,,"Reputation, submission fees and PoC requirements vary; verify programme page"
HackenProof,Crypviser Network,finished,5000,check,https://hackenproof.com/programs/crypviser-network,,,,check_program_rules,0,,,"Reputation, submission fees and PoC requirements vary; verify programme page"
HackenProof,TTC | Mobile,finished,5000,check,https://hackenproof.com/programs/ttc-mobile,,,,check_program_rules,961,,,"Reputation, submission fees and PoC requirements vary; verify programme page"
HackenProof,CODEX Exchange,finished,3000,check,https://hackenproof.com/programs/codex-exchange,,,,check_program_rules,"2,520",,,"Reputation, submission fees and PoC requirements vary; verify programme page"
HackenProof,VeChainThor VIP191,finished,10000,check,https://hackenproof.com/programs/vechainthor-vip191,,,,check_program_rules,0,,,"Reputation, submission fees and PoC requirements vary; verify programme page"
HackenProof,Unistake Smart Contracts,finished,5000,check,https://hackenproof.com/programs/unistake-smart-contracts,,,,check_program_rules,0,,,"Reputation, submission fees and PoC requirements vary; verify programme page"
HackenProof,Kalmar,finished,15000,check,https://hackenproof.com/programs/kalmar,,,,check_program_rules,0,,,"Reputation, submission fees and PoC requirements vary; verify programme page"
HackenProof,Bunicorn,finished,50000,check,https://hackenproof.com/programs/bunicorn-1,,,,check_program_rules,200,,,"Reputation, submission fees and PoC requirements vary; verify programme page"
HackenProof,Nimbus,finished,10000,check,https://hackenproof.com/programs/nimbus,,,,check_program_rules,250,,,"Reputation, submission fees and PoC requirements vary; verify programme page"
HackenProof,Polkalokr,finished,5000,check,https://hackenproof.com/programs/polkalokr,,,,check_program_rules,0,,,"Reputation, submission fees and PoC requirements vary; verify programme page"
HackenProof,AEX,finished,5000,check,https://hackenproof.com/programs/aex,,,,check_program_rules,"1,950",,,"Reputation, submission fees and PoC requirements vary; verify programme page"
HackenProof,Ternoa Web and Apps,finished,50000,check,https://hackenproof.com/programs/ternoa-web-and-apps,,,,check_program_rules,"6,100",,,"Reputation, submission fees and PoC requirements vary; verify programme page"
HackenProof,AAX,finished,1500,check,https://hackenproof.com/programs/aax,,,,check_program_rules,"3,750",,,"Reputation, submission fees and PoC requirements vary; verify programme page"
